word,frequency,standard_definition,standard_example,gpt2_token,open_gpt_token,embedding_similarity,gpt2_definition_similarity,opengpt_definition_similarity
questions,133,"A sentence, phrase or word which asks for information, reply or response; an interrogative.",What is your question?,2.0,1.0,0.009299999999999975,0.26425,0.33345
asking,59,"To request (information, or an answer to a question).",I asked her age.,1.0,1.0,0.0010999999999999899,0.31355,0.30985
requests,33,"Act of requesting (with the adposition at in the presence of possessives, and on in their absence).",,2.0,1.0,0.019199999999999995,0.2034,0.2937
google,27,To deliver googlies.,,1.0,1.0,0.009399999999999964,0.08835,0.09890000000000002
languages,27,"A body of words, and set of methods of combining them (called a grammar), understood by a community and used as a form of communication.",Deaf and mute people communicate using languages like ASL.,2.0,1.0,-0.0031000000000001027,0.34125,0.2661
answers,24,A response or reply; something said or done in reaction to a statement or question.,Her answer to his proposal was a slap in the face.,3.0,1.0,0.005299999999999971,0.2614,0.3029
wikipedia,22,unknown,unknown,1.0,2.0,-0.007300000000000084,0.07765,0.0687
wellknown,22,"Familiar, famous, renowned or widely known.",,2.0,2.0,-0.0009999999999998899,0.3581,0.31795
videos,18,"Television, television show, movie.",,1.0,1.0,0.007600000000000051,0.1009,0.0856
examples,17,Something that is representative of all such things in a group.,,2.0,1.0,9.999999999998899e-05,0.26775000000000004,0.2462
subreddit,16,"Any of the subforums, generally intended for discussion of a specific topic, on the Reddit web site.",,2.0,2.0,0.006900000000000017,0.27215,0.34425
speakers,16,One who speaks.,,2.0,2.0,-0.0006999999999999229,0.21735,0.2536
etc,15,Alternative form of etc.,,1.0,1.0,0.006800000000000028,0.38105,0.42605000000000004
topics,14,Subject; theme; a category or general area of interest.,"A society where a topic cannot be discussed, does not have free speech.",2.0,1.0,-0.01110000000000011,0.28325,0.32785000000000003
comments,13,A spoken or written remark.,I have no comment on that.,1.0,1.0,0.0020000000000000018,0.20715,0.31495
problems,13,A difficulty that has to be resolved or dealt with.,She's leaving because she faced numerous problems to do with racism.,2.0,2.0,-0.0021999999999999797,0.34825,0.37515
asked,13,"To request (information, or an answer to a question).",I asked her age.,2.0,1.0,0.009399999999999964,0.22935,0.31205
terms,13,"That which limits the extent of anything; limit, extremity, bound, boundary.","""Alright, look...we can spend the holidays with your parents, but this time it will be on my terms.""",1.0,1.0,0.0049000000000000155,0.0977,0.18735
linguists,13,One who studies linguistics.,,3.0,3.0,-0.021300000000000097,0.34054999999999996,0.40454999999999997
means,13,To lament.,,2.0,1.0,0.029200000000000004,0.0805,0.06795
nsfw,12,unknown,unknown,2.0,2.0,0.0010000000000000009,0.08775,0.0805
heard,12,(stative) To perceive sounds through the ear.,"I was deaf, and now I can hear.",1.0,1.0,-0.0025999999999999357,0.2196,0.3756
results,12,"That which results; the conclusion or end to which any course or condition of things leads, or which is obtained by any process or operation; consequence or effect.",the result of a course of action;  the result of a mathematical operation,1.0,1.0,0.01629999999999998,0.2501,0.24785
methods,12,"A process by which a task is completed; a way of doing something (followed by the adposition of, to or for before the purpose of the process):","If one method doesn't work, you should ask a friend to help you.",2.0,1.0,-0.0040999999999999925,0.2822,0.2815
suggestions,12,Something suggested (with subsequent adposition being for),I have a small suggestion for fixing this: try lifting the left side up a bit.,2.0,2.0,0.0027000000000000357,0.09924999999999999,0.16405
reddit,11,unknown,unknown,1.0,1.0,-0.0016000000000000458,0.10525,0.0636
backgrounds,11,"One's social heritage, or previous life; what one did in the past.",The lawyer had a background in computer science.,2.0,2.0,-0.011200000000000099,0.20255,0.17365
levels,11,"A tool for finding whether a surface is level, or for creating a horizontal or vertical line of reference.",Hand me the level so I can tell if this is correctly installed.,1.0,1.0,0.006900000000000017,0.27095,0.27705
answered,11,To make a reply or response to.,He answered the question.,1.0,1.0,0.012499999999999956,0.3599,0.298
belongs,11,To have its proper place.,Where does this document belong?,2.0,1.0,0.005700000000000038,0.13119999999999998,0.11085
translations,11,"The act of translating, in its various senses:",,2.0,1.0,-0.009500000000000064,0.418,0.4023
rtranslator,11,unknown,unknown,3.0,2.0,0.008199999999999985,0.0336,0.03765
discouraged,11,To extinguish the courage of; to dishearten; to depress the spirits of; to deprive of confidence; to deject.,Don't be discouraged by the amount of work left to do: you'll finish it in good time.,3.0,3.0,0.012599999999999945,0.19835,0.19169999999999998
types,11,A grouping based on shared characteristics; a class.,This type of plane can handle rough weather more easily than that type of plane.,1.0,1.0,0.0047000000000000375,0.15735,0.1561
concepts,11,An abstract and general idea; an abstraction.,,2.0,2.0,-0.007600000000000051,0.2197,0.2809
grammaticality,11,unknown,unknown,3.0,4.0,-0.031199999999999894,-0.0048,-0.02715
judgments,11,The act of judging.,,2.0,2.0,-0.0014000000000000679,0.26565,0.2547
faq,11,"A list of questions said to be frequently asked, and their answers.",This site's FAQ says you should log in to access some pages.,2.0,1.0,0.009199999999999986,0.2389,0.2345
followup,11,A subsidiary action taken in response to an event.,,2.0,2.0,-0.0021999999999999797,0.16395,0.16190000000000002
youtube,10,"Any website that allows users to upload content, particularly YouTube itself.",,1.0,1.0,0.011800000000000033,0.27255,0.36245
posts,10,A long dowel or plank protruding from the ground; a fencepost; a lightpost.,ram a post into the ground,1.0,1.0,0.023700000000000054,0.24045,0.26415
online,10,"To bring (a system, etc.) online; to promote to an active or running state.",,1.0,1.0,0.0046000000000000485,0.3227,0.3699
melvin,10,unknown,unknown,2.0,2.0,0.0004999999999999449,0.03665,0.05345
guys,9,An effigy of a man burned on a bonfire on the anniversary of the Gunpowder Plot (5th November).,,2.0,2.0,0.0020000000000000018,0.0663,0.10605
haj,9,The pilgrimage to Mecca made by pious Muslims; one of the five pillars of Islam.,,2.0,2.0,0.0040999999999999925,0.27185,0.24615
brainrot,9,unknown,unknown,2.0,2.0,-0.010699999999999932,0.0678,0.0505
noticed,7,To remark upon; to mention.,,1.0,1.0,-0.0005999999999999339,0.13045,0.2221
meme,7,"Any unit of cultural information, such as a practice or idea, that is transmitted verbally or by repeated action from one mind to another in a comparable way to the transmission of genes.",,2.0,2.0,-0.0020999999999999908,0.15575,0.24595
words,7,"The smallest unit of language that has a particular meaning and can be expressed by itself; the smallest discrete, meaningful unit of language. (contrast morpheme.)",,1.0,1.0,0.0011999999999999789,0.2288,0.2692
forms,6,"(heading, physical) To do with shape.",,1.0,1.0,0.008499999999999952,0.189,0.20775000000000002
students,6,A person who studies or learns about a particular subject.,He is a student of life.,2.0,1.0,0.006700000000000039,0.3883,0.2875
rules,6,"A regulation, law, guideline.",All participants must adhere to the rules.,1.0,1.0,0.0042999999999999705,0.2359,0.26565
users,6,"One who uses or makes use of something, a consumer/client or an express or implied licensee (free user) or a trespasser.",,1.0,1.0,0.0050000000000000044,0.35524999999999995,0.33245
playing,6,To act in a manner such that one has fun; to engage in activities expressly for the purpose of recreation or entertainment.,They played long and hard.,1.0,1.0,0.008199999999999985,0.27695,0.34025
called,6,(heading) To use one's voice.,,1.0,1.0,0.00660000000000005,0.0915,0.17425000000000002
xingn,6,unknown,unknown,3.0,2.0,-0.017300000000000093,0.0707,0.0705
rteenagers,5,unknown,unknown,3.0,3.0,-0.0013000000000000789,-0.00145,0.0632
examripper,5,unknown,unknown,4.0,3.0,0.0033999999999999586,0.03935,0.05125
years,5,"A solar year, the time it takes the Earth to complete one revolution of the Sun (between 365.24 and 365.26 days depending on the point of reference).",we moved to this town a year ago;  I quit smoking exactly one year ago,1.0,1.0,-0.02950000000000008,0.059899999999999995,0.27365
happened,5,To occur or take place.,Let me tell you how it happened.,3.0,3.0,0.0007000000000000339,0.18414999999999998,0.30455
months,5,"A period into which a year is divided, historically based on the phases of the moon.",July is my favourite month.,1.0,1.0,-0.02180000000000004,0.3463,0.3448
heres,5,unknown,unknown,1.0,1.0,0.03320000000000001,0.08465,0.10355
mom,5,(familiar) mother.,,1.0,1.0,0.0013999999999999568,0.30355,0.31629999999999997
having,5,"To possess, own.",I have a house and a car.,1.0,1.0,0.0034999999999999476,0.0785,0.2139
hours,4,A time period of sixty minutes; one twenty-fourth of a day.,I spent an hour at lunch.,1.0,1.0,0.0010000000000000009,0.2783,0.29065
icl,4,unknown,unknown,2.0,1.0,-0.0014000000000000679,0.08515,0.0985
vro,4,unknown,unknown,2.0,1.0,0.0026000000000000467,0.0427,0.0773
feels,4,Of or relating to the emotions.,emotional crisis,2.0,2.0,0.018900000000000028,0.18125,0.31715000000000004
ones,4,The digit or figure 1.,,1.0,1.0,-0.008099999999999996,0.12265,0.1069
parents,4,One of the two persons from whom one is immediately biologically descended; a mother or father.,,1.0,1.0,-0.009200000000000097,0.293,0.3181
bro,4,Brother; a male sibling,,1.0,1.0,0.0040000000000000036,0.24085,0.2677
unc,4,unknown,unknown,1.0,1.0,0.020000000000000018,0.03355,0.0741
instagram,4,unknown,unknown,2.0,1.0,0.007399999999999962,0.06235,0.0712
movies,4,A recorded sequence of images displayed on a screen at a rate sufficiently fast to create the appearance of motion.,,2.0,1.0,-0.004999999999999893,0.11424999999999999,0.19505
playlists,4,A list of recorded songs scheduled to be played on a radio station.,,2.0,2.0,0.013599999999999945,0.35209999999999997,0.4205
things,4,"That which is considered to exist as a separate entity, object, quality or concept.",,1.0,1.0,-0.01089999999999991,0.24385,0.27715
issues,4,"The action or an instance of flowing or coming out, an outflow, particularly:",,1.0,1.0,0.0027000000000000357,0.1202,0.12444999999999999
huns,4,"(used only to address someone) Honey, sweetheart, a term of endearment; a friendly term of address.",,2.0,2.0,-0.0037000000000000366,0.26795,0.2283
processing,4,To perform a particular process on a thing.,,1.0,1.0,0.0030000000000000027,0.39855,0.30765
indoeuropean,4,unknown,unknown,5.0,4.0,-0.034399999999999986,0.04255,0.06495
matches,4,"A competitive sporting event such as a boxing meet, a baseball game, or a cricket match.",My local team are playing in a match against their arch-rivals today.,2.0,1.0,0.029200000000000004,0.35840000000000005,0.3513
anymore,4,"(in negative or interrogative constructions) From a given time onwards; longer, again.",They don't make repairable radios any more.,2.0,2.0,0.00660000000000005,0.14495,0.26435
wanted,4,To wish for or desire (something); to feel a need or desire for; to crave or demand.,What do you want to eat?  I want you to leave.  I never wanted to go back to live with my mother.,2.0,1.0,0.0026000000000000467,0.34375,0.2375
edpuzzle,3,unknown,unknown,3.0,3.0,0.0026000000000000467,0.06775,0.04195
helped,3,To provide assistance to (someone or something).,He helped his grandfather cook breakfast.,2.0,2.0,-0.0018000000000000238,0.33465,0.2859
flags,3,"A piece of cloth, often decorated with an emblem, used as a visual signal or symbol.",,1.0,1.0,0.006299999999999972,0.1611,0.24320000000000003
uptick,3,A small increase or upward change in something that has been steady or declining.,,2.0,2.0,0.009600000000000053,0.15475,0.22165
submissions,3,The act of submitting or yielding; surrender.,,2.0,2.0,0.0020000000000000018,0.25255,0.3116
discussed,3,To converse or debate concerning a particular topic.,I don't wish to discuss this further. Let's talk about something else.,2.0,3.0,0.0018000000000000238,0.33340000000000003,0.4034
treated,3,"To negotiate, discuss terms, bargain (for or with).",,1.0,1.0,0.0029000000000000137,0.15765,0.1202
makes,3,Brand or kind; model.,What make of car do you drive?,1.0,1.0,0.015900000000000025,0.06475,0.11395
tips,3,The tip of the external ear.,,1.0,1.0,-0.0016000000000000458,0.236,0.30569999999999997
members,3,One who officially belongs to a group.,,1.0,1.0,0.0036000000000000476,0.34645,0.41015
okay,3,Endorsement; approval.,We can start as soon as we get the OK.,2.0,1.0,0.012299999999999978,0.09895,0.03185
children,3,"A person who has not yet reached adulthood, whether natural (puberty), cultural (initiation), or legal (majority)",Go easy on him: he is but a child.,1.0,1.0,-0.0040000000000000036,0.06435,0.32494999999999996
layoffs,3,(chiefly US) A dismissal of employees from their jobs because of tightened budgetary constraints or work shortage (not due to poor performance or misconduct).,,2.0,2.0,-0.006599999999999939,0.31115000000000004,0.35995
btw,3,unknown,unknown,2.0,2.0,-0.006399999999999961,0.0733,0.0757
reels,3,A shaky or unsteady gait.,,2.0,2.0,-0.011900000000000022,0.19005,0.1326
popping,3,"To make a pop, or sharp, quick sound.",The muskets popped away on all sides.,2.0,2.0,-0.0033000000000000806,0.28859999999999997,0.3431
companies,3,A team; a group of people who work together professionally.,,2.0,1.0,0.014100000000000001,0.4409,0.4162
looks,3,One's appearance or attractiveness.,His charm and good looks accounted for much of his popularity in the polls.,2.0,1.0,0.0040000000000000036,0.27035,0.30725
descriptions,3,A sketch or account of anything in words; a portraiture or representation in language; an enumeration of the essential qualities of a thing or species.,,3.0,2.0,-0.0008999999999999009,0.2811,0.3402
accounts,3,"A registry of pecuniary transactions; a written or printed statement of business dealings or debts and credits, and also of other things subjected to a reckoning or review.",,2.0,1.0,0.01319999999999999,0.23945,0.2265
contexts,3,"The surroundings, circumstances, environment, background or settings that determine, specify, or clarify the meaning of an event or other occurrence.","In what context did your attack on him happen? - We had a pretty tense relationship at the time, and when he insulted me I snapped.",2.0,1.0,-0.006599999999999939,0.34745,0.3477
involving,3,To roll or fold up; to wind round; to entwine.,,3.0,2.0,-0.0017000000000000348,0.18215,0.1261
tiktok,3,unknown,unknown,4.0,2.0,-0.0018000000000000238,0.066,0.07925
asia,3,unknown,unknown,1.0,1.0,-0.0006999999999999229,0.05385,-0.00645
morelumped,3,unknown,unknown,3.0,3.0,0.005199999999999982,0.0257,0.05435
lesslumped,3,unknown,unknown,3.0,3.0,-0.00039999999999995595,0.05185,0.05365
internet,3,Any set of computer networks that communicate using the Internet Protocol. (An intranet.),,1.0,1.0,0.018900000000000028,0.3171,0.49575
ubykh,3,unknown,unknown,3.0,3.0,-0.022199999999999998,0.05475,0.0248
analysing,3,To subject to analysis.,,3.0,3.0,-0.012399999999999967,0.29235,0.1863
iconicity,3,unknown,unknown,2.0,2.0,-0.01849999999999996,-0.0157,0.0063
thoughts,3,"Form created in the mind, rather than the forms perceived through the five senses; an instance of thinking.",The greatest weapon against stress is our ability to choose one thought over another.,2.0,2.0,-0.006399999999999961,-0.02975,0.37525000000000003
brainrots,3,unknown,unknown,2.0,2.0,-0.0009999999999998899,0.0476,0.0469
gumball,3,Chewing gum sold as a ball usually coated with colored hard sugar.,Remember those clear globe dispensers with gumballs for a penny?,3.0,3.0,0.03269999999999995,0.34685,0.3104
lyrics,3,A lyric poem.,,2.0,1.0,-0.0052000000000000934,0.39265000000000005,0.23605
kid,3,A young goat.,"He treated the oxen like they didn't exist, but he treated the goat kid like a puppy.",1.0,1.0,0.00019999999999997797,0.1765,0.17755
zot,3,unknown,unknown,2.0,2.0,-0.0025999999999999357,0.04915,0.0621
provides,2,To make a living; earn money for necessities.,It is difficult to provide for my family working on minimum wage.,2.0,2.0,0.0252,0.19225,0.19540000000000002
hacks,2,A tool for chopping.,,2.0,2.0,0.008000000000000007,0.1894,0.10895
websites,2,A collection of interlinked web pages on the World Wide Web that are typically accessible from the same base URL and reside on the same server.,,3.0,2.0,0.007600000000000051,0.35445,0.33935
consolidating,2,To combine into a single unit; to group together or join.,He consolidated his luggage into a single large bag.,3.0,3.0,0.023499999999999965,0.38475000000000004,0.29605000000000004
reviewed,2,To survey; to look broadly over.,"Before I tackle the question directly, I must briefly review historical approaches to the problem.",1.0,2.0,0.0012999999999999678,0.2286,0.19155
supports,2,(sometimes attributive) Something which supports.,Don't move that beam! It's a support for the whole platform.,2.0,1.0,0.030100000000000016,0.25715,0.27015
developed,2,"To change with a specific direction, progress.",Let's see how things develop and then make our decision.,1.0,2.0,0.014499999999999957,0.1323,0.182
stories,2,A building; an edifice.,,1.0,1.0,-0.0028999999999999027,0.051,0.04695
keeps,2,"The main tower of a castle or fortress, located within the castle walls.",,2.0,2.0,0.010399999999999965,0.0998,0.07875
scared,2,"To frighten, terrify, startle, especially in a minor way.","Did it scare you when I said ""Boo!""?",2.0,2.0,-0.0020999999999999908,0.25105,0.2938
freaking,2,To make greatly distressed and/or a discomposed appearance,,2.0,3.0,-0.0005999999999999339,0.14335,0.19175
fav,2,Favorite (US) or favourite (UK),,2.0,1.0,0.0020999999999999908,0.1287,0.1468
usa,2,unknown,unknown,1.0,1.0,0.009800000000000031,-0.03765,-0.00215
pmo,2,unknown,unknown,2.0,2.0,0.009700000000000042,0.0816,0.09925
countries,2,"(chiefly British) An area of land; a district, region.",,2.0,1.0,0.011700000000000044,0.1191,0.15945
kinda,2,Kind of; somewhat,I kinda hafta do this right now.,2.0,2.0,0.005700000000000038,0.29455,0.17295
brothers,2,Son of the same parents as another person.,,2.0,2.0,-0.0023999999999999577,0.1945,0.15234999999999999
lives,2,unknown,unknown,2.0,2.0,0.0027000000000000357,0.041,0.07775
adults,2,A fully grown human or animal.,,2.0,2.0,-0.01079999999999992,0.17095,0.16185
walked,2,"To move on the feet by alternately setting each foot (or pair or group of feet, in the case of animals with four or more feet) forward, with at least one foot on the ground at all times. Compare run.",To walk briskly for an hour every day is to keep fit.,2.0,2.0,0.015900000000000025,0.30674999999999997,0.30645
happens,2,To occur or take place.,Let me tell you how it happened.,3.0,3.0,-0.0037000000000000366,0.20975,0.27605
allowed,2,"To grant, give, admit, accord, afford, or yield; to let one have.",to allow a servant his liberty;  to allow a free passage;  to allow one day for rest,1.0,1.0,0.006000000000000005,0.23459999999999998,0.23354999999999998
requiring,2,To ask (someone) for something; to request.,,2.0,2.0,-0.0051000000000001044,0.20615,0.26395
contained,2,To hold inside.,,1.0,1.0,0.005299999999999971,0.18175000000000002,0.1628
toplevel,2,unknown,unknown,3.0,2.0,0.008700000000000041,0.0477,0.049
responses,2,"An answer or reply, or something in the nature of an answer or reply.",,2.0,1.0,-0.0037000000000000366,0.04365,0.3061
circumstances,2,"That which attends, or relates to, or in some way affects, a fact or event; an attendant thing or state of things.",,4.0,3.0,-0.007800000000000029,0.27155,0.21839999999999998
lands,2,The part of Earth which is not covered by oceans or other bodies of water.,Most insects live on land.,1.0,1.0,0.032399999999999984,0.20165,0.2353
eyeglasses,2,"An artificial lens, especially one of a pair.",,3.0,3.0,-0.0051000000000001044,0.2767,0.2518
edited,2,"To change a text, or a document.",,1.0,1.0,0.0019000000000000128,0.45194999999999996,0.33085
logo,2,A visual symbol or emblem that acts as a trademark or a means of identification of a company or organization.,,2.0,1.0,0.008700000000000041,0.3991,0.6086
sites,2,"Sorrow, grief.",,1.0,1.0,0.017100000000000004,0.01565,0.0196
commenting,2,To remark.,,2.0,2.0,0.0018000000000000238,0.21235,0.2663
including,2,"To bring into a group, class, set, or total as a (new) part or member.",I will purchase the vacation package if you will include car rental.,1.0,1.0,-0.0023999999999999577,0.31930000000000003,0.35335000000000005
jobs,2,A task.,A job half done is hardly done at all.,1.0,1.0,0.00039999999999995595,0.16065000000000002,0.15375
rights,2,"That which complies with justice, law or reason.",We're on the side of right in this contest.,1.0,1.0,-0.008299999999999974,0.191,0.13735
bangladesh,2,unknown,unknown,3.0,2.0,0.0013999999999999568,0.0474,0.03825
uncette,2,unknown,unknown,2.0,2.0,-0.00550000000000006,0.07535,0.07235
referring,2,To direct the attention of.,,3.0,2.0,-0.006999999999999895,0.21299999999999997,0.21875
girlfriend,2,A female partner in an unmarried romantic relationship.,Marc went to the park with his girlfriend and watched the sunset with her.,1.0,2.0,0.010600000000000054,0.10245000000000001,0.2653
recordings,2,"A reproduction of sound, video, etc. stored in a permanent medium.",I made a recording of the TV show so that I could watch it later.,2.0,2.0,-0.0043999999999999595,0.27215,0.27575
deleted,2,"To remove, get rid of or erase, especially written or printed material, or data on a computer or other device.",,2.0,1.0,0.010800000000000032,0.2507,0.2549
comics,2,A comedian.,,2.0,2.0,-0.006799999999999917,0.17155,0.1675
disliked,2,To displease; to offend. (In third-person only.),,3.0,2.0,0.01770000000000005,0.2121,0.2117
hated,2,To dislike intensely or greatly.,,2.0,2.0,-0.0033000000000000806,0.21255,0.35069999999999996
themed,2,To give a theme to.,We themed the birthday party around superheroes.,1.0,2.0,0.0038000000000000256,0.26775,0.2665
hating,2,To dislike intensely or greatly.,,2.0,2.0,9.999999999998899e-05,0.23265,0.3076
gunn,2,unknown,unknown,2.0,2.0,0.0004999999999999449,0.02985,0.03855
fans,2,"A hand-held device consisting of concertinaed material, or slats of material, gathered together at one end, that may be opened out into the shape of a sector of a circle and waved back and forth in order to move air towards oneself and cool oneself.",,2.0,1.0,-0.0051000000000001044,0.12,0.1766
improved,2,To make (something) better; to increase the value or productivity (of something).,Buying more servers would improve performance.,2.0,2.0,0.006399999999999961,0.37979999999999997,0.3095
app,2,"An application (program), especially a small one designed for a mobile device.",,1.0,1.0,0.012299999999999978,0.34514999999999996,0.33749999999999997
plumbers,2,One who works in or with lead.,,2.0,2.0,0.02729999999999999,0.25,0.30795
sounds,2,A sensation perceived by the ear caused by the vibration of air or some other medium.,He turned when he heard the sound of footsteps behind him.  Nobody made a sound.,2.0,1.0,-0.0018000000000000238,0.24530000000000002,0.29245
mentioned,2,To make a short reference to something.,,1.0,1.0,0.005900000000000016,0.271,0.27025
channels,2,"The physical confine of a river or slough, consisting of a bed and banks.",The water coming out of the waterwheel created a standing wave in the channel.,2.0,1.0,0.010800000000000032,0.2126,0.18915
antitourism,2,unknown,unknown,4.0,4.0,9.999999999998899e-05,0.0711,0.06495
protests,2,"A formal objection, especially one by a group.",They lodged a protest with the authorities.,2.0,2.0,0.0008000000000000229,0.15635,0.19025
bieber,2,unknown,unknown,2.0,2.0,-0.026599999999999957,0.0328,0.06145
drugs,2,"A substance used to treat an illness, relieve a symptom, or modify a chemical process in the body for a specific purpose.","Aspirin is a drug that reduces pain, acts against inflammation and lowers body temperature.",2.0,2.0,-0.0022999999999999687,0.41905000000000003,0.3197
fathers,2,A (generally human) male who begets a child.,My father was a strong influence on me.,2.0,2.0,-0.009500000000000064,0.4176,0.42505000000000004
replaced,2,"To restore to a former place, position, condition, etc.; to put back","When you've finished using the telephone, please replace the handset.",2.0,2.0,-0.0017000000000000348,0.27005,0.18685000000000002
mashup,2,Something consisting of two or more components combined together.,,3.0,3.0,0.009499999999999953,0.15385,0.25065000000000004
models,2,"A person who serves as a subject for artwork or fashion, usually in the medium of photography but also for painting or drawing.",The beautiful model had her face on the cover of almost every fashion magazine imaginable.,1.0,1.0,0.0041999999999999815,0.2575,0.34025
projects,2,"A planned endeavor, usually with a specific goal and accomplished in several steps or stages.",,1.0,1.0,0.006299999999999972,0.247,0.27985
banned,2,To summon; to call out.,,2.0,2.0,0.0022999999999999687,0.13725,0.1108
readers,2,A person who reads,"an early reader, a talented reader",2.0,2.0,-0.0038000000000000256,0.39415,0.4115
sydney,2,unknown,unknown,3.0,2.0,0.0050000000000000044,0.02995,0.0733
sweeney,2,unknown,unknown,2.0,2.0,-0.0004999999999999449,0.0637,0.0626
riots,2,Wanton or unrestrained behavior; uproar; tumult.,,1.0,2.0,-0.011400000000000077,0.154,0.1553
labubu,2,unknown,unknown,3.0,2.0,0.013399999999999967,0.06265,0.0442
launched,2,"To throw (a projectile such as a lance, dart or ball); to hurl; to propel with force.",,2.0,2.0,0.014700000000000046,0.325,0.31065
earlier,2,At a time in advance of the usual or expected event.,"at eleven, we went for an early lunch;  she began reading at an early age;  his mother suffered an early death",2.0,2.0,-0.0009999999999998899,0.17195,0.1699
carpenters,2,"A person skilled at carpentry, the trade of cutting and joining timber in order to construct buildings or other structures.",,4.0,3.0,-0.007300000000000084,0.32365,0.49505
apps,2,"An application (program), especially a small one designed for a mobile device.",,1.0,1.0,0.03159999999999996,0.47565,0.34995
paleosiberian,2,unknown,unknown,5.0,5.0,-0.0129999999999999,0.06145,0.02595
resources,2,"Something that one uses to achieve an objective, e.g. raw materials or personnel.",,1.0,1.0,0.0027000000000000357,0.183,0.2724
glyphs,2,"A figure carved in relief or incised, especially representing a sound, word, or idea.",,3.0,2.0,0.009199999999999986,0.2516,0.33885
versions,2,A specific form or variation of something.,,1.0,1.0,0.0009000000000000119,0.21945,0.23154999999999998
psycholinguistic,2,unknown,unknown,4.0,4.0,-0.034399999999999986,0.027,0.0046
contributes,2,To give something that is or becomes part of a larger whole.,to contribute articles to a journal,2.0,2.0,0.031000000000000028,0.1388,0.26134999999999997
shows,2,"A play, dance, or other entertainment.",,1.0,1.0,0.028699999999999948,0.17104999999999998,0.22010000000000002
phrases,2,A short written or spoken expression.,,3.0,2.0,-0.0022999999999999687,0.23509999999999998,0.2379
indouralic,2,unknown,unknown,4.0,3.0,-0.0132000000000001,0.0381,0.0311
borrowings,2,An instance of something being borrowed.,,3.0,2.0,-0.012499999999999956,0.3447,0.37089999999999995
lumped,2,To treat as a single unit; to group together in a casual or chaotic manner (as if forming an ill-defined lump of the items).,"People tend to lump turtles and tortoises together, when in fact they are different creatures.",2.0,2.0,0.010399999999999965,0.28035,0.3609
scrambled,2,"To move hurriedly to a location, especially by using all limbs against a surface.",,3.0,2.0,0.0014999999999999458,0.21735,0.1389
preserved,2,To protect; to keep from harm or injury.,Every people have the right to preserve its identity and culture.,2.0,2.0,9.999999999998899e-05,0.12045,0.186
communities,2,"A group sharing a common understanding, and often the same language, law, manners, and/or tradition.",,2.0,2.0,0.010299999999999976,0.36060000000000003,0.35255000000000003
platforms,2,A raised stage from which speeches are made and on which musical and other performances are made.,,2.0,2.0,0.03710000000000002,0.12425,0.18764999999999998
tevfik,2,unknown,unknown,4.0,2.0,-0.01980000000000004,0.0521,0.04005
esen,2,unknown,unknown,2.0,1.0,-0.006399999999999961,0.0635,0.07125
contributed,2,To give something that is or becomes part of a larger whole.,to contribute articles to a journal,2.0,2.0,-0.0042999999999999705,0.26495,0.244
islands,2,"A contiguous area of land, smaller than a continent, totally surrounded by water.",,2.0,2.0,0.01749999999999996,0.14885,0.23965
hajs,2,unknown,unknown,3.0,2.0,-0.0004999999999999449,0.065,0.05445
required,2,To ask (someone) for something; to request.,,1.0,1.0,0.01429999999999998,0.20065,0.23359999999999997
counterexample,2,An exception to a proposed general rule; a specific instance of the falsity of a universally quantified statement.,,4.0,2.0,0.0046000000000000485,0.22605000000000003,0.29545
squibs,2,A small firework that is intended to spew sparks rather than explode.,English Navy squibs set fire to two dozen enemy ships in a Dutch harbor during the 16th-century battle against the Spanish Armada.,3.0,3.0,0.02290000000000003,0.14100000000000001,0.1445
aug,2,"Increased in number, amount or strength.",,1.0,1.0,-0.0132000000000001,0.03545,0.06295
workshops,2,"A room, especially one which is not particularly large, used for manufacturing or other light industrial work.",,2.0,2.0,0.012599999999999945,0.23170000000000002,0.27155
psycholinguistics,2,"The study of the comprehension and production of language in its spoken, written and signed forms.",,4.0,4.0,-0.0394000000000001,0.2208,0.40675
uses,2,The act of using.,The use of torture has been condemned by the United Nations.,1.0,1.0,0.011800000000000033,0.3542,0.367
phonotactic,2,unknown,unknown,4.0,3.0,-0.031300000000000106,0.0332,-0.03075
info,2,Information.,,1.0,1.0,0.006299999999999972,0.321,0.26475
leipzig,2,unknown,unknown,3.0,3.0,-0.016599999999999948,0.00065,0.0219
sahur,2,unknown,unknown,3.0,3.0,-0.016000000000000014,0.06145,0.0412
gng,2,unknown,unknown,2.0,2.0,0.0030000000000000027,0.06805,0.0424
sybau,2,unknown,unknown,3.0,2.0,-0.009500000000000064,0.0446,0.0371
patapim,2,unknown,unknown,3.0,3.0,-0.01540000000000008,0.04215,0.0358
views,2,(physical) Visual perception.,,1.0,1.0,0.0022999999999999687,0.1318,0.1826
lets,2,The allowing of possession of a property etc. in exchange for rent.,,1.0,1.0,0.007900000000000018,0.0372,0.1852
brr,2,unknown,unknown,2.0,2.0,0.0010000000000000009,0.01345,0.03765
dnt,2,unknown,unknown,2.0,2.0,0.00770000000000004,0.08255,0.01855
boi,2,unknown,unknown,2.0,2.0,-0.0025999999999999357,0.0551,0.0782
ayo,2,unknown,unknown,2.0,1.0,0.009399999999999964,0.0073,0.07265
brainrotstyle,2,unknown,unknown,3.0,3.0,-0.0021999999999999797,0.04645,0.07565
caucasians,2,A native or inhabitant of the Caucasus.,,3.0,4.0,-0.027700000000000058,0.3056,0.4568
alphas,2,"The name of the first letter of the Greek alphabet (Α,  α), followed by beta. In the Latin alphabet it is the predecessor to A.",,2.0,2.0,0.015100000000000002,0.3363,0.2754
gomtas,2,unknown,unknown,3.0,2.0,0.006000000000000005,0.06995,0.0604
valv,2,unknown,unknown,2.0,2.0,-0.0013000000000000789,0.047,0.06085
meanings,2,"(of words or symbols) The entity, perception, feeling or concept thereby represented or evoked.",,2.0,2.0,-0.007300000000000084,0.30574999999999997,0.32310000000000005
mothing,2,unknown,unknown,2.0,2.0,-0.0031000000000001027,-0.01,0.05975
deepdepe,2,unknown,unknown,3.0,3.0,-0.0007999999999999119,0.06955,0.06585
niggalized,2,unknown,unknown,4.0,4.0,0.0030000000000000027,0.0594,0.05405
friends,2,"A person other than a family member, spouse or lover whose company one enjoys and towards whom one feels affection.",John and I have been friends ever since we were roommates at college.   Trust is important between friends.   I used to find it hard to make friends when I was shy.,1.0,1.0,0.0047000000000000375,0.22285,0.2896
googled,2,To deliver googlies.,,3.0,2.0,0.017800000000000038,0.14945,0.0698
ohms,2,"In the International System of Units, the derived unit of electrical resistance; the electrical resistance of a device across which a potential difference of one volt causes a current of one ampere. Symbol: Ω",,2.0,2.0,0.0018000000000000238,0.17065,0.33604999999999996
wann,2,unknown,unknown,2.0,1.0,-9.999999999998899e-05,0.05115,0.10305
replied,2,"To give a written or spoken response, especially to a question, request, accusation or criticism; to answer.",,2.0,2.0,-0.0052000000000000934,0.154,0.47485
walls,2,"A rampart of earth, stones etc. built up for defensive purposes.",,2.0,1.0,0.0023999999999999577,0.23215,0.2304
partnering,1,To join as a partner.,,3.0,2.0,0.006099999999999994,0.3863,0.31675
quizziz,1,unknown,unknown,3.0,3.0,0.018100000000000005,0.04345,0.0531
kahoot,1,unknown,unknown,3.0,2.0,-0.004899999999999904,0.10405,0.0715
docs,1,A doctor.,,1.0,1.0,0.02190000000000003,0.32430000000000003,0.32870000000000005
crossplatform,1,unknown,unknown,2.0,2.0,-0.005600000000000049,0.06415,0.0185
ios,1,"A type of moth, the io moth.",,1.0,1.0,0.03249999999999997,0.09715,0.13290000000000002
browsers,1,A person or animal who browses.,,3.0,3.0,0.012599999999999945,0.32815,0.2406
updates,1,An advisement providing more up-to-date information than currently known.,He gave me an update on the situation in New York.,2.0,1.0,0.008900000000000019,0.13725,0.20955
trusted,1,"To place confidence in; to rely on, to confide, or have faith, in.",We cannot trust anyone who deceives us.,2.0,1.0,0.009199999999999986,0.2404,0.29515
extensionhttpschromewebstoregooglecomdetailexamripperhacksforapexdeepanfkojflalfajnkcnlhiejeomdgkhlen,1,unknown,unknown,41.0,34.0,0.006900000000000017,0.08705,0.05095
examrippercomhttpexamrippercom,1,unknown,unknown,11.0,10.0,0.009299999999999975,0.04485,0.05475
combating,1,To fight; to struggle against.,It has proven very difficult to combat drug addiction.,2.0,2.0,0.0,0.3614,0.34505
concerns,1,"That which affects one’s welfare or happiness. A matter of interest to someone. The adposition before the matter of interest is usually over, about or for.",Judy's eyes filled with concern as she listened to the news report.,3.0,2.0,-0.01330000000000009,0.22295,0.24019999999999997
wider,1,Having a large physical extent from side to side.,We walked down a wide corridor.,2.0,2.0,-0.0027999999999999137,0.2691,0.2495
ensuring,1,"To make a pledge to (someone); to promise, guarantee (someone of something); to assure.",,2.0,2.0,-0.001100000000000101,0.1876,0.22865000000000002
teenagers,1,A person between 13 and 19 years of age; an adolescent.,,2.0,2.0,-0.014599999999999946,0.34254999999999997,0.33385000000000004
megathread,1,unknown,unknown,3.0,3.0,-0.011800000000000033,0.05415,-0.0029
nonanecdotal,1,unknown,unknown,4.0,4.0,-0.019300000000000095,0.06325,0.0901
allows,1,"To grant, give, admit, accord, afford, or yield; to let one have.",to allow a servant his liberty;  to allow a free passage;  to allow one day for rest,1.0,1.0,0.016599999999999948,0.2557,0.27035
promoted,1,"To raise (someone) to a more important, responsible, or remunerative job or rank.",He promoted his clerk to office manager.,2.0,2.0,0.015900000000000025,0.3437,0.3719
boundaries,1,The dividing line or location between two areas.,,2.0,2.0,0.005299999999999971,0.23555,0.26615
sexeducation,1,unknown,unknown,2.0,2.0,-0.0046999999999999265,0.0723,0.0569
teenager,1,A person between 13 and 19 years of age; an adolescent.,,2.0,2.0,-0.005700000000000038,0.35865,0.42979999999999996
jokes,1,An amusing story.,,2.0,2.0,0.0039000000000000146,0.12155,0.14505
maintaining,1,"To support (someone), to back up or assist (someone) in an action.",,3.0,2.0,0.0006000000000000449,0.15925,0.2571
cyber,1,Everything having to do with the Internet considered collectively.,,2.0,2.0,0.016900000000000026,0.1888,0.35574999999999996
lol,1,"(British commonwealth) Loyal Orange Lodge, a prefix given to all branches of the Loyal Orange Order. For example, LOL 1 is Portadown branch.",,1.0,1.0,0.006700000000000039,0.19674999999999998,0.23455
karmafarm,1,unknown,unknown,4.0,2.0,-0.0046999999999999265,0.0514,0.05505
punjab,1,unknown,unknown,2.0,2.0,-0.005700000000000038,0.0296,0.02395
weeks,1,Any period of seven consecutive days.,,2.0,1.0,-0.008000000000000007,0.16395,0.2747
missiles,1,"Any object used as a weapon by being thrown or fired through the air, such as stone, arrow or bullet.","The Rhodians, who used leaden bullets, were able to project their missiles twice as far as the Persian slingers, who used large stones.",2.0,2.0,-0.012599999999999945,0.25745,0.298
drones,1,"A male ant, bee or wasp, which does not work but can fertilize the queen bee.",,2.0,2.0,0.0033999999999999586,0.13165,0.13115000000000002
shitless,1,Having an empty bowel; greatly frightened; see usage notes below.,He was scared shitless.,2.0,2.0,0.0004999999999999449,0.155,0.1931
countrys,1,unknown,unknown,2.0,4.0,0.013900000000000023,0.0019,-0.03205
weaker,1,Lacking in force (usually strength) or ability.,The child was too weak to move the boulder.,2.0,2.0,0.005099999999999993,0.29255,0.2657
pakisthan,1,unknown,unknown,3.0,3.0,-0.01429999999999998,0.10145,0.02835
continents,1,"Each of the main continuous land-masses on the earth's surface, now generally regarded as seven in number, including their related islands, continental shelves etc.",,2.0,2.0,0.0036000000000000476,0.1845,0.3433
cooked,1,"To prepare (food) for eating by heating it, often by combining it with other ingredients.",I'm cooking bangers and mash.,1.0,2.0,0.01759999999999995,0.3524,0.31839999999999996
incidents,1,An event or occurrence.,It was an incident that he hoped to forget.,2.0,2.0,-0.011600000000000055,0.14205,0.36305
violating,1,To break or disregard (a rule or convention).,Accessing unauthorized files violates security protocol.,2.0,2.0,-0.0005999999999999339,0.3599,0.3145
policyhelpcontentpolicy,1,unknown,unknown,4.0,4.0,-0.008499999999999952,0.02635,0.02275
translators,1,"A person who translates text, film or other material into a different natural language.",,3.0,3.0,-0.00039999999999995595,0.32805,0.38545
wheresmyswag,1,unknown,unknown,5.0,4.0,0.0037000000000000366,0.06645,0.07435
ksuuvi,1,unknown,unknown,3.0,3.0,0.0042999999999999705,0.0277,0.0442
everytime,1,unknown,unknown,2.0,2.0,0.0017000000000000348,-0.0073,0.0264
knows,1,Knowledge; the state of knowing.,,2.0,2.0,-0.0028999999999999027,0.22675,0.44285
wanna,1,unknown,unknown,2.0,2.0,0.005299999999999971,0.05205,0.0942
abt,1,unknown,unknown,2.0,1.0,-0.024899999999999922,0.03975,0.03635
weapons,1,"An instrument of attack or defense in combat or hunting, e.g. most guns, missiles, or swords.",The club that is now mostly used for golf was once a common weapon.,1.0,2.0,0.0031999999999999806,0.2384,0.3339
selfharm,1,unknown,unknown,2.0,2.0,-0.009500000000000064,0.0315,0.00645
panicking,1,To feel overwhelming fear.,,2.0,2.0,0.007099999999999995,0.17375,0.21605000000000002
shambles,1,To walk while shuffling or dragging the feet.,"I wasn't too impressed with the fellow, when he shambled in unenthusiastically and an hour late.",3.0,2.0,0.019100000000000006,0.1346,0.18045
exsoviet,1,unknown,unknown,3.0,4.0,-0.0036000000000000476,0.08635,0.0468
terrified,1,Extremely frightened.,,2.0,2.0,-0.0044999999999999485,0.09935,0.33185000000000003
attacks,1,"An attempt to cause damage, injury to, or death of opponent or enemy.",,1.0,2.0,0.005900000000000016,0.3593,0.3175
checking,1,To inspect; to examine.,Check the oil in your car once a month.,1.0,1.0,0.0038000000000000256,0.22005,0.1715
meds,1,"(chiefly in the plural) Medications, especially prescribed psychoactive medications.",He's been very strange. I wonder if he's not been taking his meds.,2.0,2.0,-0.0042999999999999705,0.2353,0.33245
backfired,1,"(of a gun, cannon, Bunsen burner, etc.) To fire in the opposite direction, for example due to an obstruction in the barrel.",,2.0,3.0,0.0049000000000000155,0.2323,0.2656
targets,1,"A butt or mark to shoot at, as for practice, or to test the accuracy of a firearm, or the force of a projectile.",Take careful aim at the target.,3.0,1.0,0.02290000000000003,0.33905,0.2537
todays,1,unknown,unknown,3.0,2.0,0.011900000000000022,0.05125,0.06295
conflicts,1,"A clash or disagreement, often violent, between two or more opposing groups or individuals.",The conflict between the government and the rebels began three years ago.,2.0,2.0,-0.0013000000000000789,0.52345,0.5008
infrastructures,1,(systems theory) An underlying base or foundation especially for an organization or system.,The parasitic tyranny's infrastructure depends on secrecy in order to be effective.,4.0,3.0,0.008399999999999963,0.1814,0.207
armies,1,"A large, highly organized military force, concerned mainly with ground (rather than air or naval) operations.",The army was sent in to quell the uprising.,2.0,2.0,0.026100000000000012,0.28955000000000003,0.2752
civilians,1,"A person following the pursuits of civil life, especially one who is not an active member of the armed forces.",Three civilians were apprehended by the soldiers and taken away in a military vehicle.,2.0,3.0,-0.011900000000000022,0.28815,0.41800000000000004
medias,1,unknown,unknown,2.0,2.0,0.0009000000000000119,0.1048,0.0622
headlines,1,The heading or title of a magazine or newspaper article.,"The headline on today's newspaper reads ""John Doe Wins Wood-Splitting Competition.""",2.0,2.0,0.0012999999999999678,0.32455,0.4144
echochambers,1,unknown,unknown,3.0,4.0,0.009000000000000008,0.04625,0.06805
interconnected,1,To connect to one another.,The Internet interconnects a set of networks.,2.0,2.0,0.009499999999999953,0.3634,0.32625
professionals,1,A person who belongs to a profession,,3.0,2.0,-0.0121,0.32775,0.44615
managing,1,To direct or be in charge of.,,2.0,2.0,-0.007600000000000051,0.2629,0.31185
subs,1,A submarine.,,2.0,1.0,0.009199999999999986,0.1284,0.16525
committed,1,To give in trust; to put into charge or keeping; to entrust; to consign; used with to or formerly unto.,,2.0,2.0,0.006800000000000028,0.27745,0.11745
expected,1,To predict or believe that something will happen,He never expected to be discovered.,1.0,1.0,-0.0037000000000000366,0.15605000000000002,0.09635
offered,1,To propose or express one's willingness (to do something).,She offered to help with her homework.,2.0,2.0,0.006299999999999972,0.17555,0.255
aunts,1,The sister or sister-in-law of one’s parent.,,1.0,2.0,-0.00770000000000004,0.23515,0.27185
grandmas,1,Grandmother,,2.0,2.0,-0.0037000000000000366,0.304,0.30215
cousins,1,The child of a person's uncle or aunt; a first cousin.,I think my cousin is a good man.,3.0,3.0,0.0006000000000000449,0.34715,0.42695000000000005
games,1,A playful or competitive activity.,,1.0,1.0,0.0232,0.03135,0.36895
cares,1,"Grief, sorrow.",,2.0,2.0,-0.0005999999999999339,0.13015,0.1114
stepdad,1,A stepfather.,,2.0,2.0,-0.0004999999999999449,0.25545,0.27455
annoyed,1,"To disturb or irritate, especially by continued or repeated acts; to bother with unpleasant deeds.","Marc loved his sister, but when she annoyed him he wanted to switch her off.",3.0,3.0,-0.0020000000000000018,0.0759,0.313
feelings,1,"Sensation, particularly through the skin.",The wool on my arm produced a strange feeling.,2.0,2.0,-0.007100000000000106,0.10425,0.1708
struggles,1,A contortion of the body in an attempt to escape or to perform a difficult task.,,2.0,3.0,-0.0022999999999999687,0.3117,0.23099999999999998
luv,1,unknown,unknown,2.0,1.0,0.0048000000000000265,0.0663,0.0671
traits,1,"An identifying characteristic, habit or trend.",The number one personality trait I hate is hypocrisy. Why can't you be consistent!?,2.0,1.0,-0.016699999999999937,0.14775,0.27505
succesfully,1,unknown,unknown,4.0,3.0,0.0009000000000000119,0.0467,0.0289
eiffel,1,unknown,unknown,3.0,2.0,0.0028000000000000247,0.06285,0.0161
fortnite,1,unknown,unknown,3.0,2.0,-0.007600000000000051,0.0442,0.01515
reminds,1,To cause one to experience a memory (of someone or something); to bring to the notice or consideration (of a person).,,3.0,2.0,0.0042999999999999705,0.19445,0.3091
relates,1,To tell in a descriptive way.,Please relate the circumstances of your journey here today.,2.0,2.0,0.00029999999999996696,0.16360000000000002,0.16815000000000002
omegle,1,unknown,unknown,3.0,2.0,-0.014100000000000001,0.08205,0.08915
jorts,1,"Jean shorts, a pair of shorts made from denim (especially, mid-thigh or knee-length)",,2.0,2.0,-0.010199999999999987,0.1462,0.18175
dms,1,unknown,unknown,2.0,2.0,0.025000000000000022,0.05555,0.06535
trees,1,Fast growing function based on Kruskal's tree theorem.,,2.0,1.0,-0.012299999999999978,0.18065,0.1358
messages,1,"A communication, or what is communicated; any concept or information conveyed.",We've just received an urgent message from the President.,2.0,1.0,-0.0031000000000001027,0.2662,0.375
pedos,1,A paedophile.,,2.0,2.0,0.008199999999999985,0.2244,0.2751
pictures,1,"A representation of anything (as a person, a landscape, a building) upon canvas, paper, or other surface, by drawing, painting, printing, photography, etc.",,2.0,1.0,-0.0023999999999999577,0.23075,0.32715
bearly,1,unknown,unknown,2.0,2.0,0.013000000000000012,0.0558,0.0374
changing,1,To become something different.,The tadpole changed into a frog.   Stock prices are constantly changing.,1.0,1.0,0.00029999999999996696,0.1544,0.24609999999999999
quotes,1,A quotation; a statement attributed to a person.,,2.0,1.0,-0.006999999999999895,0.29435,0.46204999999999996
sippie,1,unknown,unknown,3.0,3.0,0.0017000000000000348,0.0474,0.0678
assumptions,1,"The act of assuming, or taking to or upon oneself; the act of taking up or adopting.",His assumption of secretarial duties was timely.,3.0,3.0,-0.0014000000000000679,0.34785,0.3264
pics,1,"A picture, especially a photographic image.",,2.0,1.0,-0.008299999999999974,0.28885,0.3774
amd,1,unknown,unknown,1.0,1.0,-0.011300000000000088,0.06405,0.03225
isreal,1,unknown,unknown,2.0,2.0,0.008299999999999974,0.05345,0.0239
blm,1,unknown,unknown,2.0,2.0,0.012399999999999967,0.04015,0.03225
parks,1,An area of land set aside for environment preservation or recreation.,,2.0,1.0,0.006099999999999994,0.2165,0.2522
acres,1,"An English unit of land area (symbol: a. or ac.) originally denoting a day's plowing for a yoke of oxen, now standardized as 4,840 square yards or 4,046.86 square meters.",,2.0,2.0,-0.004899999999999904,0.25875,0.31325000000000003
carlson,1,unknown,unknown,3.0,3.0,0.0033999999999999586,0.04495,0.02935
caused,1,To set off an event or action.,The lightning caused thunder.,2.0,2.0,-0.01629999999999998,0.0475,0.24035
rrarehistoricalpicture,1,unknown,unknown,6.0,5.0,0.010199999999999987,0.0636,0.0413
gifs,1,unknown,unknown,2.0,2.0,0.013299999999999979,0.0517,-0.0063
scenestill,1,unknown,unknown,4.0,4.0,0.006000000000000005,0.04685,0.02785
ebaums,1,unknown,unknown,3.0,2.0,-0.011800000000000033,0.08995,0.08265
uploads,1,Such a file transfer.,,1.0,1.0,0.007600000000000051,0.23035,0.28375
uploader,1,unknown,unknown,2.0,2.0,-0.0007999999999999119,0.064,0.0885
oligarchs,1,A member of an oligarchy; someone who is part of a small group that runs a country.,,3.0,4.0,0.0031999999999999806,0.3046,0.36105
pronatalism,1,"An attitude or ideology promoting child-bearing; advocacy of having children, especially from the State.",,3.0,3.0,-0.016699999999999937,0.239,0.19605
durov,1,unknown,unknown,2.0,2.0,0.016700000000000048,0.0093,0.05625
donations,1,A voluntary gift or contribution for a specific cause.,They were collecting donations for the elderly at Christmas.,2.0,2.0,-0.008799999999999919,0.27355,0.3114
clinics,1,"A medical facility, such as a hospital, especially one for the treatment and diagnosis of outpatients.",,3.0,2.0,0.01429999999999998,0.34145,0.45975
insisting,1,(with on or upon or (that + ordinary verb form)) To hold up a claim emphatically.,I insist that my secretary dresses nicely.,2.0,2.0,0.00039999999999995595,0.09125,0.2142
existing,1,(stative) to be; have existence; have being or reality,,1.0,1.0,0.02529999999999999,0.20965,0.23324999999999999
genghis,1,unknown,unknown,3.0,3.0,-0.005300000000000082,0.03805,0.0006
khanian,1,unknown,unknown,3.0,3.0,-0.021700000000000053,0.0479,0.06185
zerosum,1,unknown,unknown,3.0,2.0,0.015199999999999991,0.0416,0.0209
irl,1,unknown,unknown,1.0,1.0,0.006900000000000017,0.07085,0.043
httpsnewscrunchbasecomstartupstechlayoffshttpsnewscrunchbasecomstartupstechlayoffs,1,unknown,unknown,28.0,22.0,0.014399999999999968,0.085,0.05415
httpsintellizencecominsightslayoffdownsizingmajorcompaniesthatannouncedmasslayoffshttpsintellizencecominsightslayoffdownsizingmajorcompaniesthatannouncedmasslayoffs,1,unknown,unknown,44.0,44.0,0.0028000000000000247,0.06065,0.06345
httpswwwtrueupiolayoffshttpswwwtrueupiolayoffs,1,unknown,unknown,16.0,14.0,0.0016000000000000458,0.054,0.0622
parts,1,A portion; a component.,,1.0,1.0,0.005199999999999982,0.3151,0.29045
ousting,1,To expel; to remove.,The protesters became so noisy that they were finally ousted from the meeting.,2.0,2.0,0.017299999999999982,0.1644,0.27015
putting,1,To place something somewhere.,She put her books on the table.,2.0,2.0,-0.0023999999999999577,0.34390000000000004,0.34075
nobel,1,unknown,unknown,2.0,2.0,0.006900000000000017,0.0345,0.00835
tryna,1,unknown,unknown,2.0,2.0,0.0039000000000000146,0.0383,0.05605
staying,1,To prop; support; sustain; hold up; steady.,,2.0,2.0,0.015199999999999991,0.081,0.21749999999999997
rithinkyoushouldleave,1,unknown,unknown,7.0,7.0,-0.007600000000000051,0.04695,0.06905
lowhigh,1,unknown,unknown,2.0,2.0,0.0034999999999999476,0.06025,0.06325
recommended,1,"To bestow commendation on; to represent favourably; to suggest, endorse or encourage as an appropriate choice.","The board recommends Philips, given his ample experience in similar positions.",2.0,1.0,0.005499999999999949,0.25134999999999996,0.28959999999999997
livestream,1,To broadcast as a live stream.,,3.0,2.0,0.020299999999999985,0.31715,0.41935
held,1,To grasp or grip.,Hold the pencil like this.,1.0,1.0,0.023900000000000032,0.27665,0.29215
scamming,1,To defraud or embezzle.,They tried to scam her out of her savings.,3.0,2.0,0.013299999999999979,0.1964,0.26365
readseen,1,unknown,unknown,2.0,2.0,0.005099999999999993,0.05,0.0603
insights,1,A sight or view of the interior of anything; a deep inspection or view; introspection; frequently used with into.,,2.0,2.0,-0.0045999999999999375,0.18525,0.3079
bbc,1,unknown,unknown,2.0,1.0,0.009000000000000008,0.03435,0.01655
declares,1,"To make clear, explain, interpret.",,2.0,2.0,0.05359999999999998,0.20124999999999998,0.20174999999999998
referenced,1,To provide a list of references for (a text).,You must thoroughly reference your paper before submitting it.,3.0,2.0,0.0043999999999999595,0.3281,0.36724999999999997
edits,1,A change to the text of a document.,,2.0,2.0,0.005099999999999993,0.2177,0.43305
caitlin,1,unknown,unknown,3.0,3.0,-0.0008999999999999009,0.0737,0.09095
wnba,1,unknown,unknown,2.0,2.0,-0.0016000000000000458,0.0527,0.02785
trials,1,An opportunity to test something out; a test.,They will perform the trials for the new equipment next week.,2.0,2.0,0.010000000000000009,0.19924999999999998,0.33145
pridethemed,1,unknown,unknown,4.0,4.0,0.0009000000000000119,0.0356,0.0384
displaying,1,To show conspicuously; to exhibit; to demonstrate; to manifest.,,2.0,2.0,0.009700000000000042,0.2976,0.34575
guardians,1,"Someone who guards, watches over, or protects.",,2.0,2.0,-0.00029999999999996696,0.37595,0.2498
spinoff,1,An offshoot.,,2.0,3.0,-0.0031000000000001027,0.0693,0.0859
ootl,1,unknown,unknown,2.0,2.0,0.0010000000000000009,0.0671,0.07965
announced,1,"To give public notice, especially for the first time; to make known",,1.0,2.0,0.010399999999999965,0.1304,0.25945
claiming,1,To demand ownership of.,,2.0,2.0,-0.0031000000000001027,0.1625,0.11615
cited,1,"To quote; to repeat, as a passage from a book, or the words of another.",,2.0,2.0,0.006800000000000028,0.32999999999999996,0.29159999999999997
glitchy,1,Prone to glitches.,a glitchy computer,3.0,3.0,-0.01079999999999992,0.33190000000000003,0.25165
httpsdowndetectorcomstatusreddit,1,unknown,unknown,9.0,8.0,0.02849999999999997,0.06245,0.05305
ads,1,Advertisement.,I have placed both of the ads in the newspaper as instructed.,1.0,1.0,0.013599999999999945,0.2439,0.2167
marketplace,1,An open area in a town housing a public market.,,2.0,2.0,0.005900000000000016,0.2919,0.23975000000000002
accompanied,1,Having accompaniment; being part of a group of at least two.,,1.0,3.0,0.00029999999999996696,0.267,0.27865
appearing,1,To come or be in sight; to be in view; to become visible.,,2.0,2.0,-0.0006999999999999229,0.39445,0.35925
looped,1,To form something into a loop.,,2.0,2.0,0.01749999999999996,0.34525,0.2893
commercecrypto,1,unknown,unknown,3.0,2.0,0.0050000000000000044,0.06915,0.06095
compilations,1,The act or process of compiling or gathering together from various sources.,,3.0,3.0,0.0041999999999999815,0.30075,0.38825
names,1,"Any nounal word or phrase which indicates a particular person, place, class, or thing.",I've never liked the name my parents gave me so I changed it at the age of twenty.,1.0,1.0,0.014000000000000012,0.24155000000000001,0.22139999999999999
antonopoulos,1,unknown,unknown,2.0,3.0,0.0026000000000000467,0.0554,0.0867
keller,1,unknown,unknown,2.0,2.0,0.0018000000000000238,0.02575,0.05055
listened,1,To pay attention to a sound or speech.,Please listen carefully as I explain.  I like to listen to music.,2.0,2.0,0.03320000000000001,0.2616,0.34945000000000004
uploaders,1,unknown,unknown,2.0,2.0,-0.0051000000000001044,0.06085,0.06595
viewing,1,To look at.,The video was viewed by millions of people.,2.0,2.0,0.0027000000000000357,0.18145,0.18225
playlist,1,A list of recorded songs scheduled to be played on a radio station.,,2.0,1.0,0.0031999999999999806,0.27105,0.43025
appeared,1,To come or be in sight; to be in view; to become visible.,,2.0,2.0,0.016000000000000014,0.4552,0.13369999999999999
algorithms,1,A collection of ordered steps that solve a mathematical problem. A precise step-by-step plan for a computational procedure that possibly begins with an input value and yields an output value in a finite number of steps.,,3.0,2.0,0.01649999999999996,0.21365,0.32175
depths,1,The vertical distance below a surface; the degree to which something is deep,Measure the depth of the water in this part of the bay.,2.0,2.0,-0.001100000000000101,0.3257,0.34249999999999997
europe,1,unknown,unknown,2.0,2.0,0.0050000000000000044,0.0165,-0.0049
paywall,1,"A feature of a website, application or service that only allows access to certain content or functions upon payment.",,2.0,2.0,0.005499999999999949,0.34815,0.49545
nyt,1,unknown,unknown,2.0,1.0,-0.0129999999999999,0.05485,0.0485
tiktoksshortsreels,1,unknown,unknown,8.0,6.0,-0.013800000000000034,0.1009,0.0744
httpsstreamablecomaxgnhj,1,unknown,unknown,8.0,8.0,0.031399999999999983,0.05205,0.02155
httpswwwtiktokcomtztjwatsmf,1,unknown,unknown,14.0,10.0,0.0041999999999999815,0.08515,0.1062
paparazzi,1,A paparazzo.,,5.0,3.0,0.0040000000000000036,0.3233,0.30795
httpswwwmensjournalcomentertainmentjustinbieberangryexhaustedinstagram,1,unknown,unknown,19.0,17.0,-0.006099999999999994,0.04545,0.0636
vitaly,1,unknown,unknown,3.0,3.0,-0.013800000000000034,0.0063,0.01295
toker,1,unknown,unknown,2.0,2.0,0.0036000000000000476,0.04475,0.08275
genshin,1,unknown,unknown,3.0,2.0,0.00990000000000002,0.03755,0.048
rall,1,unknown,unknown,2.0,2.0,0.01990000000000003,0.0723,0.044
celebrating,1,To extol or honour in a solemn manner.,to celebrate the name of the Most High,3.0,3.0,-0.005600000000000049,0.2626,0.2834
paimon,1,unknown,unknown,2.0,2.0,-0.018399999999999972,0.0488,0.01035
ducthes,1,unknown,unknown,2.0,2.0,-0.00039999999999995595,0.00895,0.0872
dior,1,unknown,unknown,2.0,2.0,-0.009500000000000064,0.0578,0.05765
facebook,1,To use the social-networking site Facebook.,,1.0,1.0,-0.009200000000000097,0.37815,0.44695
vrilliant,1,unknown,unknown,3.0,2.0,0.0021999999999999797,0.01705,0.0497
foundhttpswwwyoutubecomwatchvkizlybbmkbc,1,unknown,unknown,15.0,12.0,0.0041999999999999815,0.1082,0.11895
micspam,1,unknown,unknown,4.0,2.0,-0.01750000000000007,0.0687,0.02635
explained,1,"To make plain, manifest, or intelligible; to clear of obscurity; to illustrate the meaning of.",To explain a chapter of the Bible.,2.0,2.0,0.0013999999999999568,0.3101,0.23825000000000002
antisemitic,1,Relating to or exhibiting anti-Semitism.,,3.0,3.0,-0.02429999999999999,0.387,0.4013
musicrelated,1,unknown,unknown,2.0,2.0,-0.00029999999999996696,0.02665,0.05675
screenshot,1,An image of computer or smartphone screen output at a given moment in time.,I grabbed a screenshot of my desktop.,2.0,2.0,0.005099999999999993,0.27445,0.2928
httpsimgurcomawhatisthissongothttdchttpsimgurcomawhatisthissongothttdc,1,unknown,unknown,26.0,25.0,0.011099999999999999,0.0759,0.04125
songs,1,"A musical composition with lyrics for voice or voices, performed by singing.",Thomas listened to his favorite song on the radio yesterday.,2.0,1.0,0.01419999999999999,0.3956,0.38915
managed,1,To direct or be in charge of.,,1.0,1.0,0.02059999999999995,0.23245,0.28354999999999997
agents,1,"One who exerts power, or has the power to act",,1.0,1.0,0.008000000000000007,0.14215,0.162
returning,1,To come or go back (to a place or person).,"Although the birds fly north for the summer, they return here in winter.",2.0,2.0,0.005800000000000027,0.43599999999999994,0.35424999999999995
warnermedia,1,unknown,unknown,3.0,3.0,-0.015900000000000025,0.04295,0.02155
trades,1,Buying and selling of goods and services on a market.,,2.0,2.0,0.021399999999999975,0.247,0.2933
plans,1,"A drawing showing technical details of a building, machine, etc., with unwanted details omitted, and often using symbols rather than detailed drawing to represent doors, valves, etc.",The plans for many important buildings were once publicly available.,2.0,1.0,-0.0008999999999999009,0.25975,0.2042
httpsnerdistcomarticlelooneytunesbluraydvdcontroversialcharacterspepelepewspeedygonzales,1,unknown,unknown,28.0,24.0,-0.006399999999999961,0.07875,0.07145
httpswwwmensjournalcomentertainmentbensonboonerespondsonlinehateteasermrelectricblue,1,unknown,unknown,23.0,22.0,0.0011999999999999789,0.0694,0.0885
receiving,1,"To take, as something that is offered, given, committed, sent, paid, etc.; to accept; to be given something.",She received many presents for her birthday.,3.0,2.0,-0.0015000000000000568,0.2924,0.30865
criticisms,1,The act of criticising; a critical judgment passed or expressed,The politician received a lot of public criticism for his controversial stance on the issue.,3.0,2.0,-0.0004999999999999449,0.4282,0.3957
instahttpswwwinstagramcomsydneysweeney,1,unknown,unknown,12.0,10.0,-0.005800000000000027,0.08635,0.0565
namedropped,1,"To casually mention a well-known or illustrious person or the titles of their works, often implying familiarity or association, especially in order to impress others, increase one's status, or to appear knowledgeable or fashionable.",,3.0,2.0,0.0031999999999999806,0.2348,0.2525
ireland,1,unknown,unknown,2.0,2.0,0.00019999999999997797,0.0144,-0.011
thousands,1,unknown,unknown,2.0,2.0,0.009299999999999975,0.03105,0.03535
immigrants,1,A non-native person who comes to a country from another country in order to permanently settle there.,,2.0,3.0,-0.009700000000000042,0.2366,0.44510000000000005
romanians,1,unknown,unknown,2.0,2.0,-0.0038000000000000256,0.0347,-0.0073
claimed,1,To demand ownership of.,,1.0,1.0,0.0022999999999999687,0.27945,0.1348
saberspark,1,unknown,unknown,4.0,3.0,-0.014899999999999913,0.07385,0.0859
kings,1,"A male monarch; a man who heads a monarchy. If it's an absolute monarchy, then he is the supreme ruler of his nation.",Henry VIII was the king of England from 1509 to 1547.,2.0,2.0,0.0047000000000000375,0.2716,0.40465
doja,1,unknown,unknown,2.0,2.0,0.0022999999999999687,0.06295,0.04465
backstabbing,1,"To attack someone (especially verbally) unfairly in a deceitful, underhand, or treacherous manner, especially when they're not present in the place or situation that it happens. (as if stabbing them in the back). See backbite.",,3.0,3.0,0.01429999999999998,0.31720000000000004,0.3144
prices,1,The cost required to gain possession of something.,,2.0,1.0,9.999999999998899e-05,0.2177,0.24430000000000002
creators,1,Something or someone which creates or makes something.,Kenneth E. Iverson was the creator of APL.,2.0,2.0,-0.0035000000000000586,0.42275,0.3135
mindseye,1,unknown,unknown,3.0,3.0,0.0022999999999999687,0.0766,0.0522
riddled,1,To speak ambiguously or enigmatically.,,2.0,3.0,-0.007400000000000073,0.1784,0.22995000000000002
bugs,1,An insect of the order Hemiptera (the “true bugs”).,,1.0,1.0,0.008600000000000052,0.30715,0.3432
hype,1,Promotion or propaganda; especially exaggerated claims.,"After all the hype for the diet plan, only the results ended up slim.",2.0,2.0,0.00880000000000003,0.17145,0.15965
httpswwwtechradarcomgamingmindseyeslaunchhasbeenanunmitigateddisasterasplayersreporthorrifyingglitchesandpoorpcperformance,1,unknown,unknown,31.0,32.0,0.011800000000000033,0.13405,0.04795
clickbait,1,"Website content that is aimed at generating advertising revenue, especially at the expense of quality or accuracy, relying on sensationalist headlines to attract click-throughs; such headlines.",,3.0,2.0,0.007900000000000018,0.24975,0.3791
bandwagon,1,A large wagon used to carry a band of musicians in a parade.,,2.0,2.0,0.018900000000000028,0.33199999999999996,0.22505
everyones,1,unknown,unknown,2.0,2.0,0.0016000000000000458,0.09125,0.0842
jumping,1,"To propel oneself rapidly upward, downward and/or in any horizontal direction such that momentum causes the body to become airborne.",Kangaroos are known for their ability to jump high.,2.0,2.0,0.0034999999999999476,0.248,0.28965
followed,1,To go after; to pursue; to move behind in the same path or direction.,Follow that car!,2.0,2.0,-0.0038000000000000256,0.36735,0.3153
ukraine,1,unknown,unknown,2.0,2.0,0.0017000000000000348,0.03,0.0115
proceedings,1,"The act of one who proceeds, or who prosecutes a design or transaction",,3.0,3.0,-0.011900000000000022,0.3378,0.21760000000000002
duterte,1,unknown,unknown,2.0,2.0,-0.00990000000000002,0.0722,0.05415
distancing,1,To move away (from) someone or something.,He distanced himself from the comments made by some of his colleagues.,2.0,2.0,0.0039000000000000146,0.292,0.27165
parties,1,A person or group of people constituting a particular side in a contract or legal action.,The contract requires that the party of the first part pay the fee.,2.0,2.0,0.03210000000000002,0.2766,0.30215000000000003
elected,1,To choose or make a decision (to do something),,1.0,2.0,0.014700000000000046,0.09864999999999999,0.18165
