word,frequency,standard_definition,standard_example
questions,133,"A sentence, phrase or word which asks for information, reply or response; an interrogative.",What is your question?
asking,59,"To request (information, or an answer to a question).",I asked her age.
requests,33,"Act of requesting (with the adposition at in the presence of possessives, and on in their absence).",
google,27,To deliver googlies.,
languages,27,"A body of words, and set of methods of combining them (called a grammar), understood by a community and used as a form of communication.",Deaf and mute people communicate using languages like ASL.
answers,24,A response or reply; something said or done in reaction to a statement or question.,Her answer to his proposal was a slap in the face.
wikipedia,22,unknown,unknown
wellknown,22,"Familiar, famous, renowned or widely known.",
videos,18,"Television, television show, movie.",
examples,17,Something that is representative of all such things in a group.,
subreddit,16,"Any of the subforums, generally intended for discussion of a specific topic, on the Reddit web site.",
speakers,16,One who speaks.,
etc,15,Alternative form of etc.,
topics,14,Subject; theme; a category or general area of interest.,"A society where a topic cannot be discussed, does not have free speech."
comments,13,A spoken or written remark.,I have no comment on that.
problems,13,A difficulty that has to be resolved or dealt with.,She's leaving because she faced numerous problems to do with racism.
asked,13,"To request (information, or an answer to a question).",I asked her age.
terms,13,"That which limits the extent of anything; limit, extremity, bound, boundary.","""Alright, look...we can spend the holidays with your parents, but this time it will be on my terms."""
linguists,13,One who studies linguistics.,
means,13,To lament.,
nsfw,12,unknown,unknown
heard,12,(stative) To perceive sounds through the ear.,"I was deaf, and now I can hear."
results,12,"That which results; the conclusion or end to which any course or condition of things leads, or which is obtained by any process or operation; consequence or effect.",the result of a course of action;  the result of a mathematical operation
methods,12,"A process by which a task is completed; a way of doing something (followed by the adposition of, to or for before the purpose of the process):","If one method doesn't work, you should ask a friend to help you."
suggestions,12,Something suggested (with subsequent adposition being for),I have a small suggestion for fixing this: try lifting the left side up a bit.
reddit,11,unknown,unknown
backgrounds,11,"One's social heritage, or previous life; what one did in the past.",The lawyer had a background in computer science.
levels,11,"A tool for finding whether a surface is level, or for creating a horizontal or vertical line of reference.",Hand me the level so I can tell if this is correctly installed.
answered,11,To make a reply or response to.,He answered the question.
belongs,11,To have its proper place.,Where does this document belong?
translations,11,"The act of translating, in its various senses:",
rtranslator,11,unknown,unknown
discouraged,11,To extinguish the courage of; to dishearten; to depress the spirits of; to deprive of confidence; to deject.,Don't be discouraged by the amount of work left to do: you'll finish it in good time.
types,11,A grouping based on shared characteristics; a class.,This type of plane can handle rough weather more easily than that type of plane.
concepts,11,An abstract and general idea; an abstraction.,
grammaticality,11,unknown,unknown
judgments,11,The act of judging.,
faq,11,"A list of questions said to be frequently asked, and their answers.",This site's FAQ says you should log in to access some pages.
followup,11,A subsidiary action taken in response to an event.,
youtube,10,"Any website that allows users to upload content, particularly YouTube itself.",
posts,10,A long dowel or plank protruding from the ground; a fencepost; a lightpost.,ram a post into the ground
online,10,"To bring (a system, etc.) online; to promote to an active or running state.",
melvin,10,unknown,unknown
guys,9,An effigy of a man burned on a bonfire on the anniversary of the Gunpowder Plot (5th November).,
haj,9,The pilgrimage to Mecca made by pious Muslims; one of the five pillars of Islam.,
brainrot,9,unknown,unknown
noticed,7,To remark upon; to mention.,
meme,7,"Any unit of cultural information, such as a practice or idea, that is transmitted verbally or by repeated action from one mind to another in a comparable way to the transmission of genes.",
words,7,"The smallest unit of language that has a particular meaning and can be expressed by itself; the smallest discrete, meaningful unit of language. (contrast morpheme.)",
forms,6,"(heading, physical) To do with shape.",
students,6,A person who studies or learns about a particular subject.,He is a student of life.
rules,6,"A regulation, law, guideline.",All participants must adhere to the rules.
users,6,"One who uses or makes use of something, a consumer/client or an express or implied licensee (free user) or a trespasser.",
playing,6,To act in a manner such that one has fun; to engage in activities expressly for the purpose of recreation or entertainment.,They played long and hard.
called,6,(heading) To use one's voice.,
xingn,6,unknown,unknown
rteenagers,5,unknown,unknown
examripper,5,unknown,unknown
years,5,"A solar year, the time it takes the Earth to complete one revolution of the Sun (between 365.24 and 365.26 days depending on the point of reference).",we moved to this town a year ago;  I quit smoking exactly one year ago
happened,5,To occur or take place.,Let me tell you how it happened.
months,5,"A period into which a year is divided, historically based on the phases of the moon.",July is my favourite month.
heres,5,unknown,unknown
mom,5,(familiar) mother.,
having,5,"To possess, own.",I have a house and a car.
hours,4,A time period of sixty minutes; one twenty-fourth of a day.,I spent an hour at lunch.
icl,4,unknown,unknown
vro,4,unknown,unknown
feels,4,Of or relating to the emotions.,emotional crisis
ones,4,The digit or figure 1.,
parents,4,One of the two persons from whom one is immediately biologically descended; a mother or father.,
bro,4,Brother; a male sibling,
unc,4,unknown,unknown
instagram,4,unknown,unknown
movies,4,A recorded sequence of images displayed on a screen at a rate sufficiently fast to create the appearance of motion.,
playlists,4,A list of recorded songs scheduled to be played on a radio station.,
things,4,"That which is considered to exist as a separate entity, object, quality or concept.",
issues,4,"The action or an instance of flowing or coming out, an outflow, particularly:",
huns,4,"(used only to address someone) Honey, sweetheart, a term of endearment; a friendly term of address.",
processing,4,To perform a particular process on a thing.,
indoeuropean,4,unknown,unknown
matches,4,"A competitive sporting event such as a boxing meet, a baseball game, or a cricket match.",My local team are playing in a match against their arch-rivals today.
anymore,4,"(in negative or interrogative constructions) From a given time onwards; longer, again.",They don't make repairable radios any more.
wanted,4,To wish for or desire (something); to feel a need or desire for; to crave or demand.,What do you want to eat?  I want you to leave.  I never wanted to go back to live with my mother.
edpuzzle,3,unknown,unknown
helped,3,To provide assistance to (someone or something).,He helped his grandfather cook breakfast.
flags,3,"A piece of cloth, often decorated with an emblem, used as a visual signal or symbol.",
uptick,3,A small increase or upward change in something that has been steady or declining.,
submissions,3,The act of submitting or yielding; surrender.,
discussed,3,To converse or debate concerning a particular topic.,I don't wish to discuss this further. Let's talk about something else.
treated,3,"To negotiate, discuss terms, bargain (for or with).",
makes,3,Brand or kind; model.,What make of car do you drive?
tips,3,The tip of the external ear.,
members,3,One who officially belongs to a group.,
okay,3,Endorsement; approval.,We can start as soon as we get the OK.
children,3,"A person who has not yet reached adulthood, whether natural (puberty), cultural (initiation), or legal (majority)",Go easy on him: he is but a child.
layoffs,3,(chiefly US) A dismissal of employees from their jobs because of tightened budgetary constraints or work shortage (not due to poor performance or misconduct).,
btw,3,unknown,unknown
reels,3,A shaky or unsteady gait.,
popping,3,"To make a pop, or sharp, quick sound.",The muskets popped away on all sides.
companies,3,A team; a group of people who work together professionally.,
looks,3,One's appearance or attractiveness.,His charm and good looks accounted for much of his popularity in the polls.
descriptions,3,A sketch or account of anything in words; a portraiture or representation in language; an enumeration of the essential qualities of a thing or species.,
accounts,3,"A registry of pecuniary transactions; a written or printed statement of business dealings or debts and credits, and also of other things subjected to a reckoning or review.",
contexts,3,"The surroundings, circumstances, environment, background or settings that determine, specify, or clarify the meaning of an event or other occurrence.","In what context did your attack on him happen? - We had a pretty tense relationship at the time, and when he insulted me I snapped."
involving,3,To roll or fold up; to wind round; to entwine.,
tiktok,3,unknown,unknown
asia,3,unknown,unknown
morelumped,3,unknown,unknown
lesslumped,3,unknown,unknown
internet,3,Any set of computer networks that communicate using the Internet Protocol. (An intranet.),
ubykh,3,unknown,unknown
analysing,3,To subject to analysis.,
iconicity,3,unknown,unknown
thoughts,3,"Form created in the mind, rather than the forms perceived through the five senses; an instance of thinking.",The greatest weapon against stress is our ability to choose one thought over another.
brainrots,3,unknown,unknown
gumball,3,Chewing gum sold as a ball usually coated with colored hard sugar.,Remember those clear globe dispensers with gumballs for a penny?
lyrics,3,A lyric poem.,
kid,3,A young goat.,"He treated the oxen like they didn't exist, but he treated the goat kid like a puppy."
zot,3,unknown,unknown
provides,2,To make a living; earn money for necessities.,It is difficult to provide for my family working on minimum wage.
hacks,2,A tool for chopping.,
websites,2,A collection of interlinked web pages on the World Wide Web that are typically accessible from the same base URL and reside on the same server.,
consolidating,2,To combine into a single unit; to group together or join.,He consolidated his luggage into a single large bag.
reviewed,2,To survey; to look broadly over.,"Before I tackle the question directly, I must briefly review historical approaches to the problem."
supports,2,(sometimes attributive) Something which supports.,Don't move that beam! It's a support for the whole platform.
developed,2,"To change with a specific direction, progress.",Let's see how things develop and then make our decision.
stories,2,A building; an edifice.,
keeps,2,"The main tower of a castle or fortress, located within the castle walls.",
scared,2,"To frighten, terrify, startle, especially in a minor way.","Did it scare you when I said ""Boo!""?"
freaking,2,To make greatly distressed and/or a discomposed appearance,
fav,2,Favorite (US) or favourite (UK),
usa,2,unknown,unknown
pmo,2,unknown,unknown
countries,2,"(chiefly British) An area of land; a district, region.",
kinda,2,Kind of; somewhat,I kinda hafta do this right now.
brothers,2,Son of the same parents as another person.,
lives,2,unknown,unknown
adults,2,A fully grown human or animal.,
walked,2,"To move on the feet by alternately setting each foot (or pair or group of feet, in the case of animals with four or more feet) forward, with at least one foot on the ground at all times. Compare run.",To walk briskly for an hour every day is to keep fit.
happens,2,To occur or take place.,Let me tell you how it happened.
allowed,2,"To grant, give, admit, accord, afford, or yield; to let one have.",to allow a servant his liberty;  to allow a free passage;  to allow one day for rest
requiring,2,To ask (someone) for something; to request.,
contained,2,To hold inside.,
toplevel,2,unknown,unknown
responses,2,"An answer or reply, or something in the nature of an answer or reply.",
circumstances,2,"That which attends, or relates to, or in some way affects, a fact or event; an attendant thing or state of things.",
lands,2,The part of Earth which is not covered by oceans or other bodies of water.,Most insects live on land.
eyeglasses,2,"An artificial lens, especially one of a pair.",
edited,2,"To change a text, or a document.",
logo,2,A visual symbol or emblem that acts as a trademark or a means of identification of a company or organization.,
sites,2,"Sorrow, grief.",
commenting,2,To remark.,
including,2,"To bring into a group, class, set, or total as a (new) part or member.",I will purchase the vacation package if you will include car rental.
jobs,2,A task.,A job half done is hardly done at all.
rights,2,"That which complies with justice, law or reason.",We're on the side of right in this contest.
bangladesh,2,unknown,unknown
uncette,2,unknown,unknown
referring,2,To direct the attention of.,
girlfriend,2,A female partner in an unmarried romantic relationship.,Marc went to the park with his girlfriend and watched the sunset with her.
recordings,2,"A reproduction of sound, video, etc. stored in a permanent medium.",I made a recording of the TV show so that I could watch it later.
deleted,2,"To remove, get rid of or erase, especially written or printed material, or data on a computer or other device.",
comics,2,A comedian.,
disliked,2,To displease; to offend. (In third-person only.),
hated,2,To dislike intensely or greatly.,
themed,2,To give a theme to.,We themed the birthday party around superheroes.
hating,2,To dislike intensely or greatly.,
gunn,2,unknown,unknown
fans,2,"A hand-held device consisting of concertinaed material, or slats of material, gathered together at one end, that may be opened out into the shape of a sector of a circle and waved back and forth in order to move air towards oneself and cool oneself.",
improved,2,To make (something) better; to increase the value or productivity (of something).,Buying more servers would improve performance.
app,2,"An application (program), especially a small one designed for a mobile device.",
plumbers,2,One who works in or with lead.,
sounds,2,A sensation perceived by the ear caused by the vibration of air or some other medium.,He turned when he heard the sound of footsteps behind him.  Nobody made a sound.
mentioned,2,To make a short reference to something.,
channels,2,"The physical confine of a river or slough, consisting of a bed and banks.",The water coming out of the waterwheel created a standing wave in the channel.
antitourism,2,unknown,unknown
protests,2,"A formal objection, especially one by a group.",They lodged a protest with the authorities.
bieber,2,unknown,unknown
drugs,2,"A substance used to treat an illness, relieve a symptom, or modify a chemical process in the body for a specific purpose.","Aspirin is a drug that reduces pain, acts against inflammation and lowers body temperature."
fathers,2,A (generally human) male who begets a child.,My father was a strong influence on me.
replaced,2,"To restore to a former place, position, condition, etc.; to put back","When you've finished using the telephone, please replace the handset."
mashup,2,Something consisting of two or more components combined together.,
models,2,"A person who serves as a subject for artwork or fashion, usually in the medium of photography but also for painting or drawing.",The beautiful model had her face on the cover of almost every fashion magazine imaginable.
projects,2,"A planned endeavor, usually with a specific goal and accomplished in several steps or stages.",
banned,2,To summon; to call out.,
readers,2,A person who reads,"an early reader, a talented reader"
sydney,2,unknown,unknown
sweeney,2,unknown,unknown
riots,2,Wanton or unrestrained behavior; uproar; tumult.,
labubu,2,unknown,unknown
launched,2,"To throw (a projectile such as a lance, dart or ball); to hurl; to propel with force.",
earlier,2,At a time in advance of the usual or expected event.,"at eleven, we went for an early lunch;  she began reading at an early age;  his mother suffered an early death"
carpenters,2,"A person skilled at carpentry, the trade of cutting and joining timber in order to construct buildings or other structures.",
apps,2,"An application (program), especially a small one designed for a mobile device.",
paleosiberian,2,unknown,unknown
resources,2,"Something that one uses to achieve an objective, e.g. raw materials or personnel.",
glyphs,2,"A figure carved in relief or incised, especially representing a sound, word, or idea.",
versions,2,A specific form or variation of something.,
psycholinguistic,2,unknown,unknown
contributes,2,To give something that is or becomes part of a larger whole.,to contribute articles to a journal
shows,2,"A play, dance, or other entertainment.",
phrases,2,A short written or spoken expression.,
indouralic,2,unknown,unknown
borrowings,2,An instance of something being borrowed.,
lumped,2,To treat as a single unit; to group together in a casual or chaotic manner (as if forming an ill-defined lump of the items).,"People tend to lump turtles and tortoises together, when in fact they are different creatures."
scrambled,2,"To move hurriedly to a location, especially by using all limbs against a surface.",
preserved,2,To protect; to keep from harm or injury.,Every people have the right to preserve its identity and culture.
communities,2,"A group sharing a common understanding, and often the same language, law, manners, and/or tradition.",
platforms,2,A raised stage from which speeches are made and on which musical and other performances are made.,
tevfik,2,unknown,unknown
esen,2,unknown,unknown
contributed,2,To give something that is or becomes part of a larger whole.,to contribute articles to a journal
islands,2,"A contiguous area of land, smaller than a continent, totally surrounded by water.",
hajs,2,unknown,unknown
required,2,To ask (someone) for something; to request.,
counterexample,2,An exception to a proposed general rule; a specific instance of the falsity of a universally quantified statement.,
squibs,2,A small firework that is intended to spew sparks rather than explode.,English Navy squibs set fire to two dozen enemy ships in a Dutch harbor during the 16th-century battle against the Spanish Armada.
aug,2,"Increased in number, amount or strength.",
workshops,2,"A room, especially one which is not particularly large, used for manufacturing or other light industrial work.",
psycholinguistics,2,"The study of the comprehension and production of language in its spoken, written and signed forms.",
uses,2,The act of using.,The use of torture has been condemned by the United Nations.
phonotactic,2,unknown,unknown
info,2,Information.,
leipzig,2,unknown,unknown
sahur,2,unknown,unknown
gng,2,unknown,unknown
sybau,2,unknown,unknown
patapim,2,unknown,unknown
views,2,(physical) Visual perception.,
lets,2,The allowing of possession of a property etc. in exchange for rent.,
brr,2,unknown,unknown
dnt,2,unknown,unknown
boi,2,unknown,unknown
ayo,2,unknown,unknown
brainrotstyle,2,unknown,unknown
caucasians,2,A native or inhabitant of the Caucasus.,
alphas,2,"The name of the first letter of the Greek alphabet (Α,  α), followed by beta. In the Latin alphabet it is the predecessor to A.",
gomtas,2,unknown,unknown
valv,2,unknown,unknown
meanings,2,"(of words or symbols) The entity, perception, feeling or concept thereby represented or evoked.",
mothing,2,unknown,unknown
deepdepe,2,unknown,unknown
niggalized,2,unknown,unknown
friends,2,"A person other than a family member, spouse or lover whose company one enjoys and towards whom one feels affection.",John and I have been friends ever since we were roommates at college.   Trust is important between friends.   I used to find it hard to make friends when I was shy.
googled,2,To deliver googlies.,
ohms,2,"In the International System of Units, the derived unit of electrical resistance; the electrical resistance of a device across which a potential difference of one volt causes a current of one ampere. Symbol: Ω",
wann,2,unknown,unknown
replied,2,"To give a written or spoken response, especially to a question, request, accusation or criticism; to answer.",
walls,2,"A rampart of earth, stones etc. built up for defensive purposes.",
partnering,1,To join as a partner.,
quizziz,1,unknown,unknown
kahoot,1,unknown,unknown
docs,1,A doctor.,
crossplatform,1,unknown,unknown
ios,1,"A type of moth, the io moth.",
browsers,1,A person or animal who browses.,
updates,1,An advisement providing more up-to-date information than currently known.,He gave me an update on the situation in New York.
trusted,1,"To place confidence in; to rely on, to confide, or have faith, in.",We cannot trust anyone who deceives us.
extensionhttpschromewebstoregooglecomdetailexamripperhacksforapexdeepanfkojflalfajnkcnlhiejeomdgkhlen,1,unknown,unknown
examrippercomhttpexamrippercom,1,unknown,unknown
combating,1,To fight; to struggle against.,It has proven very difficult to combat drug addiction.
concerns,1,"That which affects one’s welfare or happiness. A matter of interest to someone. The adposition before the matter of interest is usually over, about or for.",Judy's eyes filled with concern as she listened to the news report.
wider,1,Having a large physical extent from side to side.,We walked down a wide corridor.
ensuring,1,"To make a pledge to (someone); to promise, guarantee (someone of something); to assure.",
teenagers,1,A person between 13 and 19 years of age; an adolescent.,
megathread,1,unknown,unknown
nonanecdotal,1,unknown,unknown
allows,1,"To grant, give, admit, accord, afford, or yield; to let one have.",to allow a servant his liberty;  to allow a free passage;  to allow one day for rest
promoted,1,"To raise (someone) to a more important, responsible, or remunerative job or rank.",He promoted his clerk to office manager.
boundaries,1,The dividing line or location between two areas.,
sexeducation,1,unknown,unknown
teenager,1,A person between 13 and 19 years of age; an adolescent.,
jokes,1,An amusing story.,
maintaining,1,"To support (someone), to back up or assist (someone) in an action.",
cyber,1,Everything having to do with the Internet considered collectively.,
lol,1,"(British commonwealth) Loyal Orange Lodge, a prefix given to all branches of the Loyal Orange Order. For example, LOL 1 is Portadown branch.",
karmafarm,1,unknown,unknown
punjab,1,unknown,unknown
weeks,1,Any period of seven consecutive days.,
missiles,1,"Any object used as a weapon by being thrown or fired through the air, such as stone, arrow or bullet.","The Rhodians, who used leaden bullets, were able to project their missiles twice as far as the Persian slingers, who used large stones."
drones,1,"A male ant, bee or wasp, which does not work but can fertilize the queen bee.",
shitless,1,Having an empty bowel; greatly frightened; see usage notes below.,He was scared shitless.
countrys,1,unknown,unknown
weaker,1,Lacking in force (usually strength) or ability.,The child was too weak to move the boulder.
pakisthan,1,unknown,unknown
continents,1,"Each of the main continuous land-masses on the earth's surface, now generally regarded as seven in number, including their related islands, continental shelves etc.",
cooked,1,"To prepare (food) for eating by heating it, often by combining it with other ingredients.",I'm cooking bangers and mash.
incidents,1,An event or occurrence.,It was an incident that he hoped to forget.
violating,1,To break or disregard (a rule or convention).,Accessing unauthorized files violates security protocol.
policyhelpcontentpolicy,1,unknown,unknown
translators,1,"A person who translates text, film or other material into a different natural language.",
wheresmyswag,1,unknown,unknown
ksuuvi,1,unknown,unknown
everytime,1,unknown,unknown
knows,1,Knowledge; the state of knowing.,
wanna,1,unknown,unknown
abt,1,unknown,unknown
weapons,1,"An instrument of attack or defense in combat or hunting, e.g. most guns, missiles, or swords.",The club that is now mostly used for golf was once a common weapon.
selfharm,1,unknown,unknown
panicking,1,To feel overwhelming fear.,
shambles,1,To walk while shuffling or dragging the feet.,"I wasn't too impressed with the fellow, when he shambled in unenthusiastically and an hour late."
exsoviet,1,unknown,unknown
terrified,1,Extremely frightened.,
attacks,1,"An attempt to cause damage, injury to, or death of opponent or enemy.",
checking,1,To inspect; to examine.,Check the oil in your car once a month.
meds,1,"(chiefly in the plural) Medications, especially prescribed psychoactive medications.",He's been very strange. I wonder if he's not been taking his meds.
backfired,1,"(of a gun, cannon, Bunsen burner, etc.) To fire in the opposite direction, for example due to an obstruction in the barrel.",
targets,1,"A butt or mark to shoot at, as for practice, or to test the accuracy of a firearm, or the force of a projectile.",Take careful aim at the target.
todays,1,unknown,unknown
conflicts,1,"A clash or disagreement, often violent, between two or more opposing groups or individuals.",The conflict between the government and the rebels began three years ago.
infrastructures,1,(systems theory) An underlying base or foundation especially for an organization or system.,The parasitic tyranny's infrastructure depends on secrecy in order to be effective.
armies,1,"A large, highly organized military force, concerned mainly with ground (rather than air or naval) operations.",The army was sent in to quell the uprising.
civilians,1,"A person following the pursuits of civil life, especially one who is not an active member of the armed forces.",Three civilians were apprehended by the soldiers and taken away in a military vehicle.
medias,1,unknown,unknown
headlines,1,The heading or title of a magazine or newspaper article.,"The headline on today's newspaper reads ""John Doe Wins Wood-Splitting Competition."""
echochambers,1,unknown,unknown
interconnected,1,To connect to one another.,The Internet interconnects a set of networks.
professionals,1,A person who belongs to a profession,
managing,1,To direct or be in charge of.,
subs,1,A submarine.,
committed,1,To give in trust; to put into charge or keeping; to entrust; to consign; used with to or formerly unto.,
expected,1,To predict or believe that something will happen,He never expected to be discovered.
offered,1,To propose or express one's willingness (to do something).,She offered to help with her homework.
aunts,1,The sister or sister-in-law of one’s parent.,
grandmas,1,Grandmother,
cousins,1,The child of a person's uncle or aunt; a first cousin.,I think my cousin is a good man.
games,1,A playful or competitive activity.,
cares,1,"Grief, sorrow.",
stepdad,1,A stepfather.,
annoyed,1,"To disturb or irritate, especially by continued or repeated acts; to bother with unpleasant deeds.","Marc loved his sister, but when she annoyed him he wanted to switch her off."
feelings,1,"Sensation, particularly through the skin.",The wool on my arm produced a strange feeling.
struggles,1,A contortion of the body in an attempt to escape or to perform a difficult task.,
luv,1,unknown,unknown
traits,1,"An identifying characteristic, habit or trend.",The number one personality trait I hate is hypocrisy. Why can't you be consistent!?
succesfully,1,unknown,unknown
eiffel,1,unknown,unknown
fortnite,1,unknown,unknown
reminds,1,To cause one to experience a memory (of someone or something); to bring to the notice or consideration (of a person).,
relates,1,To tell in a descriptive way.,Please relate the circumstances of your journey here today.
omegle,1,unknown,unknown
jorts,1,"Jean shorts, a pair of shorts made from denim (especially, mid-thigh or knee-length)",
dms,1,unknown,unknown
trees,1,Fast growing function based on Kruskal's tree theorem.,
messages,1,"A communication, or what is communicated; any concept or information conveyed.",We've just received an urgent message from the President.
pedos,1,A paedophile.,
pictures,1,"A representation of anything (as a person, a landscape, a building) upon canvas, paper, or other surface, by drawing, painting, printing, photography, etc.",
bearly,1,unknown,unknown
changing,1,To become something different.,The tadpole changed into a frog.   Stock prices are constantly changing.
quotes,1,A quotation; a statement attributed to a person.,
sippie,1,unknown,unknown
assumptions,1,"The act of assuming, or taking to or upon oneself; the act of taking up or adopting.",His assumption of secretarial duties was timely.
pics,1,"A picture, especially a photographic image.",
amd,1,unknown,unknown
isreal,1,unknown,unknown
blm,1,unknown,unknown
parks,1,An area of land set aside for environment preservation or recreation.,
acres,1,"An English unit of land area (symbol: a. or ac.) originally denoting a day's plowing for a yoke of oxen, now standardized as 4,840 square yards or 4,046.86 square meters.",
carlson,1,unknown,unknown
caused,1,To set off an event or action.,The lightning caused thunder.
rrarehistoricalpicture,1,unknown,unknown
gifs,1,unknown,unknown
scenestill,1,unknown,unknown
ebaums,1,unknown,unknown
uploads,1,Such a file transfer.,
uploader,1,unknown,unknown
oligarchs,1,A member of an oligarchy; someone who is part of a small group that runs a country.,
pronatalism,1,"An attitude or ideology promoting child-bearing; advocacy of having children, especially from the State.",
durov,1,unknown,unknown
donations,1,A voluntary gift or contribution for a specific cause.,They were collecting donations for the elderly at Christmas.
clinics,1,"A medical facility, such as a hospital, especially one for the treatment and diagnosis of outpatients.",
insisting,1,(with on or upon or (that + ordinary verb form)) To hold up a claim emphatically.,I insist that my secretary dresses nicely.
existing,1,(stative) to be; have existence; have being or reality,
genghis,1,unknown,unknown
khanian,1,unknown,unknown
zerosum,1,unknown,unknown
irl,1,unknown,unknown
httpsnewscrunchbasecomstartupstechlayoffshttpsnewscrunchbasecomstartupstechlayoffs,1,unknown,unknown
httpsintellizencecominsightslayoffdownsizingmajorcompaniesthatannouncedmasslayoffshttpsintellizencecominsightslayoffdownsizingmajorcompaniesthatannouncedmasslayoffs,1,unknown,unknown
httpswwwtrueupiolayoffshttpswwwtrueupiolayoffs,1,unknown,unknown
parts,1,A portion; a component.,
ousting,1,To expel; to remove.,The protesters became so noisy that they were finally ousted from the meeting.
putting,1,To place something somewhere.,She put her books on the table.
nobel,1,unknown,unknown
tryna,1,unknown,unknown
staying,1,To prop; support; sustain; hold up; steady.,
rithinkyoushouldleave,1,unknown,unknown
lowhigh,1,unknown,unknown
recommended,1,"To bestow commendation on; to represent favourably; to suggest, endorse or encourage as an appropriate choice.","The board recommends Philips, given his ample experience in similar positions."
livestream,1,To broadcast as a live stream.,
held,1,To grasp or grip.,Hold the pencil like this.
scamming,1,To defraud or embezzle.,They tried to scam her out of her savings.
readseen,1,unknown,unknown
insights,1,A sight or view of the interior of anything; a deep inspection or view; introspection; frequently used with into.,
bbc,1,unknown,unknown
declares,1,"To make clear, explain, interpret.",
referenced,1,To provide a list of references for (a text).,You must thoroughly reference your paper before submitting it.
edits,1,A change to the text of a document.,
caitlin,1,unknown,unknown
wnba,1,unknown,unknown
trials,1,An opportunity to test something out; a test.,They will perform the trials for the new equipment next week.
pridethemed,1,unknown,unknown
displaying,1,To show conspicuously; to exhibit; to demonstrate; to manifest.,
guardians,1,"Someone who guards, watches over, or protects.",
spinoff,1,An offshoot.,
ootl,1,unknown,unknown
announced,1,"To give public notice, especially for the first time; to make known",
claiming,1,To demand ownership of.,
cited,1,"To quote; to repeat, as a passage from a book, or the words of another.",
glitchy,1,Prone to glitches.,a glitchy computer
httpsdowndetectorcomstatusreddit,1,unknown,unknown
ads,1,Advertisement.,I have placed both of the ads in the newspaper as instructed.
marketplace,1,An open area in a town housing a public market.,
accompanied,1,Having accompaniment; being part of a group of at least two.,
appearing,1,To come or be in sight; to be in view; to become visible.,
looped,1,To form something into a loop.,
commercecrypto,1,unknown,unknown
compilations,1,The act or process of compiling or gathering together from various sources.,
names,1,"Any nounal word or phrase which indicates a particular person, place, class, or thing.",I've never liked the name my parents gave me so I changed it at the age of twenty.
antonopoulos,1,unknown,unknown
keller,1,unknown,unknown
listened,1,To pay attention to a sound or speech.,Please listen carefully as I explain.  I like to listen to music.
uploaders,1,unknown,unknown
viewing,1,To look at.,The video was viewed by millions of people.
playlist,1,A list of recorded songs scheduled to be played on a radio station.,
appeared,1,To come or be in sight; to be in view; to become visible.,
algorithms,1,A collection of ordered steps that solve a mathematical problem. A precise step-by-step plan for a computational procedure that possibly begins with an input value and yields an output value in a finite number of steps.,
depths,1,The vertical distance below a surface; the degree to which something is deep,Measure the depth of the water in this part of the bay.
europe,1,unknown,unknown
paywall,1,"A feature of a website, application or service that only allows access to certain content or functions upon payment.",
nyt,1,unknown,unknown
tiktoksshortsreels,1,unknown,unknown
httpsstreamablecomaxgnhj,1,unknown,unknown
httpswwwtiktokcomtztjwatsmf,1,unknown,unknown
paparazzi,1,A paparazzo.,
httpswwwmensjournalcomentertainmentjustinbieberangryexhaustedinstagram,1,unknown,unknown
vitaly,1,unknown,unknown
toker,1,unknown,unknown
genshin,1,unknown,unknown
rall,1,unknown,unknown
celebrating,1,To extol or honour in a solemn manner.,to celebrate the name of the Most High
paimon,1,unknown,unknown
ducthes,1,unknown,unknown
dior,1,unknown,unknown
facebook,1,To use the social-networking site Facebook.,
vrilliant,1,unknown,unknown
foundhttpswwwyoutubecomwatchvkizlybbmkbc,1,unknown,unknown
micspam,1,unknown,unknown
explained,1,"To make plain, manifest, or intelligible; to clear of obscurity; to illustrate the meaning of.",To explain a chapter of the Bible.
antisemitic,1,Relating to or exhibiting anti-Semitism.,
musicrelated,1,unknown,unknown
screenshot,1,An image of computer or smartphone screen output at a given moment in time.,I grabbed a screenshot of my desktop.
httpsimgurcomawhatisthissongothttdchttpsimgurcomawhatisthissongothttdc,1,unknown,unknown
songs,1,"A musical composition with lyrics for voice or voices, performed by singing.",Thomas listened to his favorite song on the radio yesterday.
managed,1,To direct or be in charge of.,
agents,1,"One who exerts power, or has the power to act",
returning,1,To come or go back (to a place or person).,"Although the birds fly north for the summer, they return here in winter."
warnermedia,1,unknown,unknown
trades,1,Buying and selling of goods and services on a market.,
plans,1,"A drawing showing technical details of a building, machine, etc., with unwanted details omitted, and often using symbols rather than detailed drawing to represent doors, valves, etc.",The plans for many important buildings were once publicly available.
httpsnerdistcomarticlelooneytunesbluraydvdcontroversialcharacterspepelepewspeedygonzales,1,unknown,unknown
httpswwwmensjournalcomentertainmentbensonboonerespondsonlinehateteasermrelectricblue,1,unknown,unknown
receiving,1,"To take, as something that is offered, given, committed, sent, paid, etc.; to accept; to be given something.",She received many presents for her birthday.
criticisms,1,The act of criticising; a critical judgment passed or expressed,The politician received a lot of public criticism for his controversial stance on the issue.
instahttpswwwinstagramcomsydneysweeney,1,unknown,unknown
namedropped,1,"To casually mention a well-known or illustrious person or the titles of their works, often implying familiarity or association, especially in order to impress others, increase one's status, or to appear knowledgeable or fashionable.",
ireland,1,unknown,unknown
thousands,1,unknown,unknown
immigrants,1,A non-native person who comes to a country from another country in order to permanently settle there.,
romanians,1,unknown,unknown
claimed,1,To demand ownership of.,
saberspark,1,unknown,unknown
kings,1,"A male monarch; a man who heads a monarchy. If it's an absolute monarchy, then he is the supreme ruler of his nation.",Henry VIII was the king of England from 1509 to 1547.
doja,1,unknown,unknown
backstabbing,1,"To attack someone (especially verbally) unfairly in a deceitful, underhand, or treacherous manner, especially when they're not present in the place or situation that it happens. (as if stabbing them in the back). See backbite.",
prices,1,The cost required to gain possession of something.,
creators,1,Something or someone which creates or makes something.,Kenneth E. Iverson was the creator of APL.
mindseye,1,unknown,unknown
riddled,1,To speak ambiguously or enigmatically.,
bugs,1,An insect of the order Hemiptera (the “true bugs”).,
hype,1,Promotion or propaganda; especially exaggerated claims.,"After all the hype for the diet plan, only the results ended up slim."
httpswwwtechradarcomgamingmindseyeslaunchhasbeenanunmitigateddisasterasplayersreporthorrifyingglitchesandpoorpcperformance,1,unknown,unknown
clickbait,1,"Website content that is aimed at generating advertising revenue, especially at the expense of quality or accuracy, relying on sensationalist headlines to attract click-throughs; such headlines.",
bandwagon,1,A large wagon used to carry a band of musicians in a parade.,
everyones,1,unknown,unknown
jumping,1,"To propel oneself rapidly upward, downward and/or in any horizontal direction such that momentum causes the body to become airborne.",Kangaroos are known for their ability to jump high.
followed,1,To go after; to pursue; to move behind in the same path or direction.,Follow that car!
ukraine,1,unknown,unknown
proceedings,1,"The act of one who proceeds, or who prosecutes a design or transaction",
duterte,1,unknown,unknown
distancing,1,To move away (from) someone or something.,He distanced himself from the comments made by some of his colleagues.
parties,1,A person or group of people constituting a particular side in a contract or legal action.,The contract requires that the party of the first part pay the fee.
elected,1,To choose or make a decision (to do something),
